"","Soil.Order","Great.Group","Subgroup","Series","Horizon","Qmax.mg.kg","k.L.mg","Clay.per","Fed.g.kg","pH","OC.mg.kg","X","Database","County..State","Latitude","Longitude","Dataset","Alo.g.kg","Ald.g.kg","Alp.g.kg","Feo.g.kg","Fep.g.kg","Caex.cmol.kg","Silt.per","Sand.per","MAT.C","MAP.mm","Elevation.m","Replicate","Depth.cm","BD.g.cm3","L.kg","Source.qmax","Source.k"
"1","Alfisol","Haplustalfs",NA,"Acove","Bt1",3330,0.006,15,22,5.6,3039,29,"NRCS","McCulloch, TX",31.0030804,-99.1812363,"Mayes",NA,NA,NA,NA,NA,NA,NA,NA,NA,NA,NA,NA,NA,NA,60,"Reported","Reported"
"2","Alfisol","Haplustalfs",NA,"Acove","Bt2",5093,0.01,45.5,37,5.8,3671,29,"NRCS","McCulloch, TX",31.0030804,-99.1812363,"Mayes",NA,NA,NA,NA,NA,NA,NA,NA,NA,NA,NA,NA,NA,NA,60,"Reported","Reported"
"3","Alfisol","Haplustalfs",NA,"Acove","Bt3",4369,0.019,54.6,45,5.7,2934,29,"NRCS","McCulloch, TX",31.0030804,-99.1812363,"Mayes",NA,NA,NA,NA,NA,NA,NA,NA,NA,NA,NA,NA,NA,NA,60,"Reported","Reported"
"4","Alfisol","Haplustalfs",NA,"Acove","Cr",755,0.032,10.4,38,5.6,1615,29,"NRCS","McCulloch, TX",31.0030804,-99.1812363,"Mayes",NA,NA,NA,NA,NA,NA,NA,NA,NA,NA,NA,NA,NA,NA,60,"Reported","Reported"
"5","Mollisol","Argiudolls",NA,"Aksarben","Bt1",4674,0.008,40.1,17,5.7,4936,43,"NRCS","Lancaster, NB",40.8450012,-96.5615005,"Mayes",NA,NA,NA,NA,NA,NA,NA,NA,NA,NA,NA,NA,NA,NA,60,"Reported","Reported"
"6","Mollisol","Argiudolls",NA,"Aksarben","Bt2",1014,0.028,35.2,12,6,2764,43,"NRCS","Lancaster, NB",40.8450012,-96.5615005,"Mayes",NA,NA,NA,NA,NA,NA,NA,NA,NA,NA,NA,NA,NA,NA,60,"Reported","Reported"
"7","Mollisol","Argiudolls",NA,"Aksarben","Bt3",2409,0.014,31.9,11,6.3,2311,43,"NRCS","Lancaster, NB",40.8450012,-96.5615005,"Mayes",NA,NA,NA,NA,NA,NA,NA,NA,NA,NA,NA,NA,NA,NA,60,"Reported","Reported"
"8","Mollisol","Argiudolls",NA,"Aksarben","C",639,0.016,31.1,9,6.6,2105,43,"NRCS","Lancaster, NB",40.8450012,-96.5615005,"Mayes",NA,NA,NA,NA,NA,NA,NA,NA,NA,NA,NA,NA,NA,NA,60,"Reported","Reported"
"9","Ultisol","Paleduldults",NA,"Allen","Ba",454,0.227,14.9,19,4.3,15500,54,"Ridge","Roane, TN",35.8,-84.5,"Mayes",NA,NA,NA,NA,NA,NA,NA,NA,NA,NA,NA,NA,NA,NA,60,"Reported","Reported"
"10","Ultisol","Paleduldults",NA,"Allen","E",782,0.178,20,8.7,4.1,2772,54,"Ridge","Roane, TN",35.8,-84.5,"Mayes",NA,NA,NA,NA,NA,NA,NA,NA,NA,NA,NA,NA,NA,NA,60,"Reported","Reported"
"11","Ultisol","Paleduldults",NA,"Allen","Bw",1210,0.175,31.1,12,4,1919,54,"Ridge","Roane, TN",35.8,-84.5,"Mayes",NA,NA,NA,NA,NA,NA,NA,NA,NA,NA,NA,NA,NA,NA,60,"Reported","Reported"
"12","Ultisol","Paleduldults",NA,"Allen","2B",1605,0.145,33.7,12.8,4.5,1775,54,"Ridge","Roane, TN",35.8,-84.5,"Mayes",NA,NA,NA,NA,NA,NA,NA,NA,NA,NA,NA,NA,NA,NA,60,"Reported","Reported"
"13","Ultisol","Paleduldults",NA,"Allen","2B2",1283,0.207,31.8,12.5,4,1801,54,"Ridge","Roane, TN",35.8,-84.5,"Mayes",NA,NA,NA,NA,NA,NA,NA,NA,NA,NA,NA,NA,NA,NA,60,"Reported","Reported"
"14","Alfisol","Endoaqualfs",NA,"Angola","B",552,0.144,28.2,14.9,4.4,2527,30,"SERDP","NY",42.8,-76.8,"Mayes",NA,NA,NA,NA,NA,NA,NA,NA,NA,NA,NA,NA,NA,NA,60,"Reported","Reported"
"15","Alfisol","Fragiudalfs",NA,"Apalona","Bt1",3829,0.036,30.7,24,4,2754,25,"NRCS","Perry, IN",38.0106735,-86.5759048,"Mayes",NA,NA,NA,NA,NA,NA,NA,NA,NA,NA,NA,NA,NA,NA,60,"Reported","Reported"
"16","Alfisol","Fragiudalfs",NA,"Apalona","Bt2",2726,0.068,26,25,4,2410,25,"NRCS","Perry, IN",38.0106735,-86.5759048,"Mayes",NA,NA,NA,NA,NA,NA,NA,NA,NA,NA,NA,NA,NA,NA,60,"Reported","Reported"
"17","Alfisol","Fragiudalfs",NA,"Apalona","Btx",2906,0.021,30.1,NA,3.9,1826,25,"NRCS","Perry, IN",38.0106735,-86.5759048,"Mayes",NA,NA,NA,NA,NA,NA,NA,NA,NA,NA,NA,NA,NA,NA,60,"Reported","Reported"
"18","Alfisol","Fragiudalfs",NA,"Apalona","2Bt1",2306,0.025,47.6,NA,4.1,1856,25,"NRCS","Perry, IN",38.0106735,-86.5759048,"Mayes",NA,NA,NA,NA,NA,NA,NA,NA,NA,NA,NA,NA,NA,NA,60,"Reported","Reported"
"19","Alfisol","Fragiudalfs",NA,"Apalona","2Bt2",1645,0.043,62.6,NA,4.4,1876,25,"NRCS","Perry, IN",38.0106735,-86.5759048,"Mayes",NA,NA,NA,NA,NA,NA,NA,NA,NA,NA,NA,NA,NA,NA,60,"Reported","Reported"
"20","Alfisol","Hapludalfs",NA,"Arispe","Btg2",979,0.048,41.5,10,5.6,3838,7,"NRCS","Decatur, IA",40.865925,-93.7502417,"Mayes",NA,NA,NA,NA,NA,NA,NA,NA,NA,NA,NA,NA,NA,NA,60,"Reported","Reported"
"21","Alfisol","Hapludalfs",NA,"Arispe","Btg3",3317,0.018,43.5,11,6.1,2576,7,"NRCS","Decatur, IA",40.865925,-93.7502417,"Mayes",NA,NA,NA,NA,NA,NA,NA,NA,NA,NA,NA,NA,NA,NA,60,"Reported","Reported"
"22","Alfisol","Hapludalfs",NA,"Arispe","2Btg4",945,0.08,50.6,8,6.5,2101,7,"NRCS","Decatur, IA",40.865925,-93.7502417,"Mayes",NA,NA,NA,NA,NA,NA,NA,NA,NA,NA,NA,NA,NA,NA,60,"Reported","Reported"
"23","Alfisol","Hapludalfs",NA,"Arispe","2Btg5",2506,0.022,50.9,11,6.6,1961,7,"NRCS","Decatur, IA",40.865925,-93.7502417,"Mayes",NA,NA,NA,NA,NA,NA,NA,NA,NA,NA,NA,NA,NA,NA,60,"Reported","Reported"
"24","Alfisol","Hapludalfs",NA,"Arispe",NA,289.976424609731,NA,51,11,6.6,NA,7,"NRCS","Decatur, IA",40.865925,-93.7502417,"Jagadamma",NA,NA,NA,NA,NA,NA,NA,NA,NA,NA,NA,NA,NA,NA,60,"Fitted","Fitted"
"25","Ultisol","Hapludults",NA,"Armuchee","Bt1",725,0.094,30.1,18,3.5,2132,55,"Ridge","Anderson, TN",36.1,-84.2,"Mayes",NA,NA,NA,NA,NA,NA,NA,NA,NA,NA,NA,NA,NA,NA,60,"Reported","Reported"
"26","Ultisol","Hapludults",NA,"Armuchee","Bt2",2582,0.031,50.1,31.6,3.3,2695,55,"Ridge","Anderson, TN",36.1,-84.2,"Mayes",NA,NA,NA,NA,NA,NA,NA,NA,NA,NA,NA,NA,NA,NA,60,"Reported","Reported"
"27","Ultisol","Hapludults",NA,"Armuchee-9","B1",784,0.043,31.4,21.6,4.5,6436,56,"Ridge","Anderson, TN",36.1,-84.2,"Mayes",NA,NA,NA,NA,NA,NA,NA,NA,NA,NA,NA,NA,NA,NA,60,"Reported","Reported"
"28","Ultisol","Hapludults",NA,"Armuchee-9","B2",1227,0.071,56.9,24.6,4.4,4199,56,"Ridge","Anderson, TN",36.1,-84.2,"Mayes",NA,NA,NA,NA,NA,NA,NA,NA,NA,NA,NA,NA,NA,NA,60,"Reported","Reported"
"29","Mollisol","Durixerolls",NA,"Barnard","Bt1",745,0.036,32.4,10.1,6,9266,51,"CSiTE","Modoc, CA",41.6,-120.7,"Mayes",NA,NA,NA,NA,NA,NA,NA,NA,NA,NA,NA,NA,NA,NA,60,"Reported","Reported"
"30","Mollisol","Durixerolls",NA,"Barnard","Bt2",2463,0.013,47.2,8.4,6.2,4711,51,"CSiTE","Modoc, CA",41.6,-120.7,"Mayes",NA,NA,NA,NA,NA,NA,NA,NA,NA,NA,NA,NA,NA,NA,60,"Reported","Reported"
"31","Mollisol","Durixerolls",NA,"Barnard","B",1332,0.035,22.5,9.2,7.4,3926,51,"CSiTE","Modoc, CA",41.6,-120.7,"Mayes",NA,NA,NA,NA,NA,NA,NA,NA,NA,NA,NA,NA,NA,NA,60,"Reported","Reported"
"32","Mollisol","Durixerolls",NA,"Barnard","Bqm1",1147,0.032,13.2,5.5,7.4,3230,51,"CSiTE","Modoc, CA",41.6,-120.7,"Mayes",NA,NA,NA,NA,NA,NA,NA,NA,NA,NA,NA,NA,NA,NA,60,"Reported","Reported"
"33","Mollisol","Durixerolls",NA,"Barnard","Bqm2",516,0.045,27.7,1.1,7.2,1726,51,"CSiTE","Modoc, CA",41.6,-120.7,"Mayes",NA,NA,NA,NA,NA,NA,NA,NA,NA,NA,NA,NA,NA,NA,60,"Reported","Reported"
"34","Mollisol","Durixerolls",NA,"Barnard","b",1287.51391245859,0.0442589673927962,NA,NA,NA,NA,NA,NA,NA,NA,NA,"Mayes",NA,NA,NA,NA,NA,NA,NA,NA,NA,NA,NA,NA,NA,NA,60,"Fitted","Fitted"
"35","Mollisol","Durixerolls",NA,"Barnard","bqm1",1117.54021765017,0.0349806582607768,NA,NA,NA,NA,NA,NA,NA,NA,NA,"Mayes",NA,NA,NA,NA,NA,NA,NA,NA,NA,NA,NA,NA,NA,NA,60,"Fitted","Fitted"
"36","Mollisol","Durixerolls",NA,"Barnard","bqm2",515.639715087882,0.0496607374460109,NA,NA,NA,NA,NA,NA,NA,NA,NA,"Mayes",NA,NA,NA,NA,NA,NA,NA,NA,NA,NA,NA,NA,NA,NA,60,"Fitted","Fitted"
"37","Mollisol","Calciaquolls",NA,"Bearden","Bk1",5328,0.004,52.5,5,8.2,12432,23,"NRCS","Walsh, ND",48.2661095,-97.3236084,"Mayes",NA,NA,NA,NA,NA,NA,NA,NA,NA,NA,NA,NA,NA,NA,60,"Reported","Reported"
"38","Ultisol","Albaquults",NA,"Bladen","Btg1",1023,0.06,21.9,7,4.2,2559,15,"NRCS","Liberty, GA",31.755188,-81.5373383,"Mayes",NA,NA,NA,NA,NA,NA,NA,NA,NA,NA,NA,NA,NA,NA,60,"Reported","Reported"
"39","Ultisol","Albaquults",NA,"Bladen","Btg2",3559,0.027,54.1,26,4.4,2707,15,"NRCS","Liberty, GA",31.755188,-81.5373383,"Mayes",NA,NA,NA,NA,NA,NA,NA,NA,NA,NA,NA,NA,NA,NA,60,"Reported","Reported"
"40","Ultisol","Albaquults",NA,"Bladen","Btg3",1762,0.051,39.1,21,4.3,1883,15,"NRCS","Liberty, GA",31.755188,-81.5373383,"Mayes",NA,NA,NA,NA,NA,NA,NA,NA,NA,NA,NA,NA,NA,NA,60,"Reported","Reported"
"41","Ultisol","Albaquults",NA,"Bladen","Btg4",1143,0.064,30.9,5,4.2,1779,15,"NRCS","Liberty, GA",31.755188,-81.5373383,"Mayes",NA,NA,NA,NA,NA,NA,NA,NA,NA,NA,NA,NA,NA,NA,60,"Reported","Reported"
"42","Alfisol","Epiaqualfs",NA,"Blount","Bt1",1485,0.033,39.4,15,5.4,2962,39,NA,NA,41.565834,-85.6755524,"Mayes",NA,NA,NA,NA,NA,NA,NA,NA,NA,NA,NA,NA,NA,NA,60,"Reported","Reported"
"43","Alfisol","Epiaqualfs",NA,"Blount","Cd/Bt",914,0.016,29.5,10,7.7,2698,39,NA,NA,41.565834,-85.6755524,"Mayes",NA,NA,NA,NA,NA,NA,NA,NA,NA,NA,NA,NA,NA,NA,60,"Reported","Reported"
"44","Ultisol","Paledults",NA,"Bodine","B/E",1238,0.074,34.1,11.1,4.9,NA,57,"Ebis","local",36,-87.8,"Mayes",NA,NA,NA,NA,NA,NA,NA,NA,NA,NA,NA,NA,NA,NA,60,"Reported","Reported"
"45","Ultisol","Paledults",NA,"Bodine","Bt",1910,0.093,41.5,14.9,4.7,NA,57,"Ebis","local",36,-87.8,"Mayes",NA,NA,NA,NA,NA,NA,NA,NA,NA,NA,NA,NA,NA,NA,60,"Reported","Reported"
"46","Mollisol","Argiustolls",NA,"Bresser","Bt1",243,0.013,20.8,4.9,6.2,3478,3,"NRCS","Morgan, CO",40.1540833,-104.0451355,"Mayes",NA,NA,NA,NA,NA,NA,NA,NA,NA,NA,NA,NA,NA,NA,60,"Reported","Reported"
"47","Mollisol","Argiustolls",NA,"Bresser","Bt2",1925,0.016,29.4,6.5,6.5,3205,3,"NRCS","Morgan, CO",40.1540833,-104.0451355,"Mayes",NA,NA,NA,NA,NA,NA,NA,NA,NA,NA,NA,NA,NA,NA,60,"Reported","Reported"
"48","Mollisol","Argiustolls",NA,"Bresser","Bt3",416,0.023,21.2,5.3,6.6,2519,3,"NRCS","Morgan, CO",40.1540833,-104.0451355,"Mayes",NA,NA,NA,NA,NA,NA,NA,NA,NA,NA,NA,NA,NA,NA,60,"Reported","Reported"
"49","Mollisol","Argiustolls",NA,"Bresser","BC",2338,0.006,15.2,4,7.1,2425,3,"NRCS","Morgan, CO",40.1540833,-104.0451355,"Mayes",NA,NA,NA,NA,NA,NA,NA,NA,NA,NA,NA,NA,NA,NA,60,"Reported","Reported"
"50","Mollisol","Argiustolls",NA,"Bresser","2C3",1389,0.012,9.6,3.4,7.8,1704,3,"NRCS","Morgan, CO",40.1540833,-104.0451355,"Mayes",NA,NA,NA,NA,NA,NA,NA,NA,NA,NA,NA,NA,NA,NA,60,"Reported","Reported"
"51","Alfisol","Hapludalfs",NA,"Brewback","Bt1",2692,0.043,61.7,37,4.7,3717,46,"NRCS","York, SC",34.8700294,-81.1437759,"Mayes",NA,NA,NA,NA,NA,NA,NA,NA,NA,NA,NA,NA,NA,NA,60,"Reported","Reported"
"52","Alfisol","Hapludalfs",NA,"Brewback","Bt2",3715,0.035,57.4,32,5.4,3407,46,"NRCS","York, SC",34.8700294,-81.1437759,"Mayes",NA,NA,NA,NA,NA,NA,NA,NA,NA,NA,NA,NA,NA,NA,60,"Reported","Reported"
"53","Alfisol","Hapludalfs",NA,"Brewback","Btc",1445,0.029,24.3,NA,5.5,2876,46,"NRCS","York, SC",34.8700294,-81.1437759,"Mayes",NA,NA,NA,NA,NA,NA,NA,NA,NA,NA,NA,NA,NA,NA,60,"Reported","Reported"
"54","Alfisol","Hapludalfs",NA,"Brewback","Cr",214,0.018,5.9,1,6.9,1605,46,"NRCS","York, SC",34.8700294,-81.1437759,"Mayes",NA,NA,NA,NA,NA,NA,NA,NA,NA,NA,NA,NA,NA,NA,60,"Reported","Reported"
"55","Inceptisol",NA,NA,NA,"Bfj",1163,0.1822,7.41884,21.84,5.037,11163.96,NA,NA,NA,49.51,-125.19,"Kothawala",11.904,6.115,3.008,9.672,1.8,0.93298,7.35875,85.22241,8.3,1461,"300","1",NA,NA,10,"Reported","Reported"
"56","Inceptisol",NA,NA,NA,"Bfj",572,0.0563,6.16639,8.09,5.413,8202.9,NA,NA,NA,49.51,-125.19,"Kothawala",9.54,2.5385,1.311,6.08,0.387,6.82813,1.59434,92.23927,8.3,1461,"300","1",NA,NA,10,"Reported","Reported"
"57","Inceptisol",NA,NA,NA,"Bfj",1185,0.0448,7.72903,20.67,5.254,12897.34,NA,NA,NA,49.51,-125.19,"Kothawala",9.928,4.5735,2.133,15.392,0.915,1.15734,11.97694,80.29403,8.3,1461,"300","1",NA,NA,10,"Reported","Reported"
"58","Inceptisol",NA,NA,NA,"Bf",947,0.0545,19.17216,23.92,5.538,27527.51,NA,NA,NA,49.51,-125.19,"Kothawala",7.16,5.765,4.89,8.632,3.294,2.88365,39.83862,40.98922,8.3,1461,"300","1",NA,NA,10,"Reported","Reported"
"59","Inceptisol",NA,NA,NA,"Bf",753,0.0319,26.29587,22.1,4.653,23027.28,NA,NA,NA,49.51,-125.19,"Kothawala",4.712,4.058,3.669,5.784,3.258,2.9988,36.53635,37.16777,8.3,1461,"300","1",NA,NA,10,"Reported","Reported"
"60","Inceptisol",NA,NA,NA,"Bfj",768,0.0267,16.24737,22.23,4.848,NA,NA,NA,NA,49.51,-125.19,"Kothawala",NA,2.4135,1.466,NA,2.004,6.90542,35.21629,48.53634,8.3,1461,"300","1",NA,NA,10,"Reported","Reported"
"61","Inceptisol",NA,NA,NA,"Bfj",638,0.0204,14.53657,33.54,NA,30073.56,NA,NA,NA,49.51,-125.19,"Kothawala",2.5912,3.302,2.345,4.988,1.872,4.88778,21.35849,64.10494,8.3,1461,"300","1",NA,NA,10,"Reported","Reported"
"62","Inceptisol",NA,NA,NA,"Bfj",664,0.0324,8.24523,27.82,5.073,14036.2,NA,NA,NA,49.51,-125.19,"Kothawala",5.52,4.916,2.649,4.808,1.638,0.96304,12.34553,79.40923,8.3,1461,"300","1",NA,NA,10,"Reported","Reported"
"63","Inceptisol",NA,NA,NA,"Bfj",664,0.0324,8.24523,27.82,5.073,14036.2,NA,NA,NA,49.51,-125.19,"Kothawala",5.52,4.916,2.649,4.808,1.638,0.96304,12.34553,79.40923,8.3,1461,"300","2",NA,NA,10,"Reported","Reported"
"64","Inceptisol",NA,NA,NA,"Bfj",3006,0.0017,6.30427,16.25,5.358,10778.34,NA,NA,NA,49.51,-125.19,"Kothawala",7.268,3.681,2.035,4.76,0.855,0.54868,2.47329,91.22243,8.3,1461,"300","1",NA,NA,10,"Reported","Reported"
"65","Inceptisol",NA,NA,NA,"Ah",107,0.2022,5.863,2.42,4.868,6057.69,NA,NA,NA,53.91,-104.69,"Kothawala",1.0048,0.6355,0.609,1.92,0.603,0.90271,1.5854,92.5516,0.4,467,"579","1",NA,NA,10,"Reported","Reported"
"66","Inceptisol",NA,NA,NA,"Bm",483,0.005,5.86066,2.905,4.896,895.11,NA,NA,NA,53.91,-104.69,"Kothawala",0.412,0.306,0.245,1.548,0.266,0.84822,0,96.05303,0.4,467,"579","1",NA,NA,10,"Reported","Reported"
"67","Inceptisol",NA,NA,NA,"Bm",210,0.0172,5.84493,2.975,5.165,511.58,NA,NA,NA,53.91,-104.69,"Kothawala",0.2624,0.198,0.132,1.948,0.139,0.9061,0,97.52485,0.4,467,"579","1",NA,NA,10,"Reported","Reported"
"68","Inceptisol",NA,NA,NA,"Bf",727,0.0648,8.19042,14.17,4.264,43542.1,NA,NA,NA,45.23,-79.08,"Kothawala",9.668,9.76,8.277,11.024,7.104,0.46328,10.89284,80.91674,NA,NA,NA,"1",NA,NA,10,"Reported","Reported"
"69","Inceptisol",NA,NA,NA,"Ah",315,0.0089,5.07695,2.115,4.143,6105.66,NA,NA,NA,42.22,-80.36,"Kothawala",1.4864,0.8235,0.852,0.964,0.353,0.18455,0,96.64201,8.1,832,"784","1",NA,NA,10,"Reported","Reported"
"70","Inceptisol",NA,NA,NA,"Bm",410,0.1196,5.08051,2.035,4.573,1844.37,NA,NA,NA,42.22,-80.36,"Kothawala",1.6848,0.399,0.549,0.768,0.114,0.04985,0,96.45965,8.1,832,"784","1",NA,NA,10,"Reported","Reported"
"71","Inceptisol",NA,NA,NA,"Ah",390,0.0471,8.34112,3.605,4.289,7274.3,NA,NA,NA,42.22,-80.36,"Kothawala",1.8132,1.49,1.318,2.152,1.059,0.30417,1.58296,90.07591,8.1,832,"784","1",NA,NA,10,"Reported","Reported"
"72","Inceptisol",NA,NA,NA,"Bm",606,0.1267,9.33635,4.91,4.932,1894.81,NA,NA,NA,42.22,-80.36,"Kothawala",1.92453,1.79267,0.859,1.88667,0.7415,0.18936,0,91.8024,8.1,832,"784","1",NA,NA,10,"Reported","Reported"
"73","Inceptisol",NA,NA,NA,"Ah",211,0.0063,7.13566,2.585,5.38,5783.85,NA,NA,NA,42.22,-80.36,"Kothawala",1.4124,0.986,0.805,1.472,0.465,2.1549,0,94.3459,8.1,832,"784","1",NA,NA,10,"Reported","Reported"
"74","Inceptisol",NA,NA,NA,"Bm",234,0.0441,5.85774,2.31,5.745,1445.52,NA,NA,NA,42.22,-80.36,"Kothawala",1.5372,0.817,0.658,1.112,0.372,0.99671,0,96.24427,8.1,832,"784","1",NA,NA,10,"Reported","Reported"
"75","Inceptisol","Dystrudepts",NA,"Calvin","B",420,0.084,14.2,10.7,3.9,4597,58,"Ebis",NA,39.9,-78.1,"Mayes",NA,NA,NA,NA,NA,NA,NA,NA,NA,NA,NA,NA,NA,NA,60,"Reported","Reported"
"76","Inceptisol","Dystrudepts",NA,"Calvin","B/C",985,0.065,23.5,13.8,4,3092,58,"Ebis",NA,39.9,-78.1,"Mayes",NA,NA,NA,NA,NA,NA,NA,NA,NA,NA,NA,NA,NA,NA,60,"Reported","Reported"
"77","Ultisol","Kanhapludults",NA,"Cecil","Bt1",3327,0.07,44.8,32.6,4.4,2900,13,"CSiTE","Dekalb, GA",33.646389,-84.1838913,"Mayes",NA,NA,NA,NA,NA,NA,NA,NA,NA,NA,NA,NA,NA,NA,60,"Reported","Reported"
"78","Alfisol","Hapludalfs",NA,"Chetek","Bt",912,0.012,11.8,5.8,6,3931,8,"CSiTE","WI",45.288887,-92.4330521,"Mayes",NA,NA,NA,NA,NA,NA,NA,NA,NA,NA,NA,NA,NA,NA,60,"Reported","Reported"
"79","Alfisol","Hapludalfs",NA,"Chetek","B2",599,0.01,3.9,3.2,5.9,1864,8,"CSiTE","WI",45.288887,-92.4330521,"Mayes",NA,NA,NA,NA,NA,NA,NA,NA,NA,NA,NA,NA,NA,NA,60,"Reported","Reported"
"80","Alfisol","Hapludalfs",NA,"Chetek","C1",322,0.021,4.8,2.7,5.6,1683,8,"CSiTE","WI",45.288887,-92.4330521,"Mayes",NA,NA,NA,NA,NA,NA,NA,NA,NA,NA,NA,NA,NA,NA,60,"Reported","Reported"
"81","Alfisol","Hapludalfs",NA,"Chetek","C2",284,0.019,2.5,3.1,5,1669,8,"CSiTE","WI",45.288887,-92.4330521,"Mayes",NA,NA,NA,NA,NA,NA,NA,NA,NA,NA,NA,NA,NA,NA,60,"Reported","Reported"
"82","Ultisol","Paleduldults",NA,"Claiborne","B1",1012,0.134,23.7,29.4,4.1,3136,59,"Ridge","Anderson, TN",36.1,-84.2,"Mayes",NA,NA,NA,NA,NA,NA,NA,NA,NA,NA,NA,NA,NA,NA,60,"Reported","Reported"
"83","Ultisol","Paleduldults",NA,"Claiborne","B2",1631,0.129,40.1,36,4.1,2054,59,"Ridge","Anderson, TN",36.1,-84.2,"Mayes",NA,NA,NA,NA,NA,NA,NA,NA,NA,NA,NA,NA,NA,NA,60,"Reported","Reported"
"84","Ultisol","Paleduldults",NA,"Claiborne","Bt",2239,0.132,53.3,36.9,4,2253,59,"Ridge","Anderson, TN",36.1,-84.2,"Mayes",NA,NA,NA,NA,NA,NA,NA,NA,NA,NA,NA,NA,NA,NA,60,"Reported","Reported"
"85","Mollisol","Endoaquolls",NA,"Clarion","Bw1",1212,0.01,22.3,10,5.6,4739,37,NA,NA,41.9925003,-93.7080536,"Mayes",NA,NA,NA,NA,NA,NA,NA,NA,NA,NA,NA,NA,NA,NA,60,"Reported","Reported"
"86","Mollisol","Endoaquolls",NA,"Clarion","Bw3",1078,0.014,18.2,9,5.9,2687,37,NA,NA,41.9925003,-93.7080536,"Mayes",NA,NA,NA,NA,NA,NA,NA,NA,NA,NA,NA,NA,NA,NA,60,"Reported","Reported"
"87","Mollisol","Endoaquolls",NA,"Clarion","C1",637,0.016,14.3,6,7.6,1949,37,NA,NA,41.9925003,-93.7080536,"Mayes",NA,NA,NA,NA,NA,NA,NA,NA,NA,NA,NA,NA,NA,NA,60,"Reported","Reported"
"88","Mollisol","Endoaquolls",NA,"Clarion","C3",436,0.033,14.8,4,7.6,700,37,NA,NA,41.9925003,-93.7080536,"Mayes",NA,NA,NA,NA,NA,NA,NA,NA,NA,NA,NA,NA,NA,NA,60,"Reported","Reported"
"89","Ultisol","Paleduldults",NA,"Collegedale","B21t",1615,0.076,55.3,29.3,5.9,2985,60,"Ridge","Anderson, TN",36.1,-84.2,"Mayes",NA,NA,NA,NA,NA,NA,NA,NA,NA,NA,NA,NA,NA,NA,60,"Reported","Reported"
"90","Ultisol","Paleduldults",NA,"Collegedale","B22t",2336,0.104,67.4,42.5,4.4,2302,60,"Ridge","Anderson, TN",36.1,-84.2,"Mayes",NA,NA,NA,NA,NA,NA,NA,NA,NA,NA,NA,NA,NA,NA,60,"Reported","Reported"
"91","Ultisol","Paleduldults",NA,"Collegedale",NA,427.142376262412,0.116766936242087,55,29,5.9,NA,60,"Ridge","Anderson, TN",36.1,-84.2,"Jagadamma",NA,NA,NA,NA,NA,NA,NA,NA,NA,NA,NA,NA,NA,NA,60,"Fitted","Fitted"
"92","Mollisol","Endoaquolls",NA,"Colo","Bg1",1202,0.032,30.7,8,6.2,10889,21,"CSiTE","Moultrie, IL",39.6950378,-88.6631088,"Mayes",NA,NA,NA,NA,NA,NA,NA,NA,NA,NA,NA,NA,NA,NA,60,"Reported","Reported"
"93","Mollisol","Endoaquolls",NA,"Colo","Bg2",1345,0.039,29.1,8,6.3,7516,21,"CSiTE","Moultrie, IL",39.6950378,-88.6631088,"Mayes",NA,NA,NA,NA,NA,NA,NA,NA,NA,NA,NA,NA,NA,NA,60,"Reported","Reported"
"94","Mollisol","Endoaquolls",NA,"Colo","Bg4",1407,0.045,28,2.8,6.5,3981,21,"CSiTE","Moultrie, IL",39.6950378,-88.6631088,"Mayes",NA,NA,NA,NA,NA,NA,NA,NA,NA,NA,NA,NA,NA,NA,60,"Reported","Reported"
"95","Mollisol","Endoaquolls",NA,"Colo","bg2",1289.67406316134,0.049505931098114,NA,NA,NA,NA,NA,NA,NA,NA,NA,"Mayes",NA,NA,NA,NA,NA,NA,NA,NA,NA,NA,NA,NA,NA,NA,60,"Fitted","Fitted"
"96","Mollisol","Endoaquolls",NA,"Colo","bg4",1348.51707273284,0.055261866777757,NA,NA,NA,NA,NA,NA,NA,NA,NA,"Mayes",NA,NA,NA,NA,NA,NA,NA,NA,NA,NA,NA,NA,NA,NA,60,"Fitted","Fitted"
"97","Alfisol","Epiaqualfs",NA,"Crosby","2Bt2",1556,0.036,35.1,37,5.9,2684,36,NA,NA,40.0950012,-85.5477753,"Mayes",NA,NA,NA,NA,NA,NA,NA,NA,NA,NA,NA,NA,NA,NA,60,"Reported","Reported"
"98","Alfisol","Epiaqualfs",NA,"Crosby","2Cd/Bt",530,0.028,15.3,11,7.7,4533,36,NA,NA,40.0950012,-85.5477753,"Mayes",NA,NA,NA,NA,NA,NA,NA,NA,NA,NA,NA,NA,NA,NA,60,"Reported","Reported"
"99","Alfisol","Epiaqualfs",NA,"Crosby","2Cd1",681,0.014,13.1,10,7.7,5201,36,NA,NA,40.0950012,-85.5477753,"Mayes",NA,NA,NA,NA,NA,NA,NA,NA,NA,NA,NA,NA,NA,NA,60,"Reported","Reported"
"100","Ultisol","Hapludults",NA,"Cuthbert","Bt",1765,0.079,37.5,20,4.4,2468,12,"CSiTE","Smith, TX",32.4916649,-95.476387,"Mayes",NA,NA,NA,NA,NA,NA,NA,NA,NA,NA,NA,NA,NA,NA,60,"Reported","Reported"
"101","Ultisol","Hapludults",NA,"Cuthbert","B/C",2199,0.105,27.1,14,4.3,2464,12,"CSiTE","Smith, TX",32.4916649,-95.476387,"Mayes",NA,NA,NA,NA,NA,NA,NA,NA,NA,NA,NA,NA,NA,NA,60,"Reported","Reported"
"102","Ultisol","Hapludults",NA,"Cuthbert","1Bt",1637.04951492485,0.126011532966909,NA,NA,NA,NA,NA,NA,NA,NA,NA,"Mayes",NA,NA,NA,NA,NA,NA,NA,NA,NA,NA,NA,NA,NA,NA,60,"Fitted","Fitted"
"103","Ultisol","Hapludults",NA,"Cuthbert","1B/C",2011.42422587009,0.180813470630268,NA,NA,NA,NA,NA,NA,NA,NA,NA,"Mayes",NA,NA,NA,NA,NA,NA,NA,NA,NA,NA,NA,NA,NA,NA,60,"Fitted","Fitted"
"104","Alfisol","Epiaqualfs",NA,"Darien","Bt1",1730,0.061,26.4,20,4.6,2248,1,"NRCS","Crawford, PA",41.8386955,-80.4513092,"Mayes",NA,NA,NA,NA,NA,NA,NA,NA,NA,NA,NA,NA,NA,NA,60,"Reported","Reported"
"105","Alfisol","Epiaqualfs",NA,"Darien","Bt2",524,0.085,25,17,6.7,2456,1,"NRCS","Crawford, PA",41.8386955,-80.4513092,"Mayes",NA,NA,NA,NA,NA,NA,NA,NA,NA,NA,NA,NA,NA,NA,60,"Reported","Reported"
"106","Alfisol","Epiaqualfs",NA,"Darien","BC",1326,0.023,20.9,16,7.7,2355,1,"NRCS","Crawford, PA",41.8386955,-80.4513092,"Mayes",NA,NA,NA,NA,NA,NA,NA,NA,NA,NA,NA,NA,NA,NA,60,"Reported","Reported"
"107","Alfisol","Epiaqualfs",NA,"Darien","C",666,0.018,23.4,15,7.7,2285,1,"NRCS","Crawford, PA",41.8386955,-80.4513092,"Mayes",NA,NA,NA,NA,NA,NA,NA,NA,NA,NA,NA,NA,NA,NA,60,"Reported","Reported"
"108","Mollisol","Argiudolls",NA,"Dennis","Ba",941,0.078,29.7,24.3,4.8,6362,18,"SERDP","Labette, KS",37.0183334,-95.1208344,"Mayes",NA,NA,NA,NA,NA,NA,NA,NA,NA,NA,NA,NA,NA,NA,60,"Reported","Reported"
"109","Mollisol","Endoaquolls",NA,"Drummer","A/Ba",2451,0.017,33.6,14.3,6.5,6100,61,"SERDP","Kane, IL",39.2,-90.3,"Mayes",NA,NA,NA,NA,NA,NA,NA,NA,NA,NA,NA,NA,NA,NA,60,"Reported","Reported"
"110","Mollisol","Endoaquolls",NA,"Drummer","Bg/Btg1",3363,0.016,32.3,45,6.6,3119,61,"SERDP","Kane, IL",39.2,-90.3,"Mayes",NA,NA,NA,NA,NA,NA,NA,NA,NA,NA,NA,NA,NA,NA,60,"Reported","Reported"
"111","Mollisol","Endoaquolls",NA,"Drummer","Btg1/Btg2",2117,0.026,18.2,17.8,6.5,2697,61,"SERDP","Kane, IL",39.2,-90.3,"Mayes",NA,NA,NA,NA,NA,NA,NA,NA,NA,NA,NA,NA,NA,NA,60,"Reported","Reported"
"112","Mollisol","Endoaquolls",NA,"Drummer","75-100",1961.50570069149,0.0468038316776194,NA,NA,NA,NA,NA,NA,NA,NA,NA,"Mayes",NA,NA,NA,NA,NA,NA,NA,NA,NA,NA,NA,NA,NA,NA,60,"Fitted","Fitted"
"113","Mollisol","Endoaquolls",NA,"Drummer",NA,581.75,0.03275,18,18,6.5,NA,61,"SERDP","Kane, IL",39.2,-90.3,"Jagadamma",NA,NA,NA,NA,NA,NA,NA,NA,NA,NA,NA,NA,NA,NA,60,"Reported","Reported"
"114","Mollisol","Endoaquolls",NA,"Drummer",NA,3363.31753940051,0.0156044764814938,32.26,45.03,6.59,NA,NA,NA,NA,39.2,-90.3,"Feng",NA,NA,NA,NA,NA,NA,NA,NA,NA,NA,NA,NA,NA,NA,400,"Reported","Reported"
"115","Mollisol","Argiustolls",NA,"Edalgo","3Bt",179,0.175,36.1,3,5.9,2036,41,"NRCS","Cloud, KS",39.3514404,-97.5938797,"Mayes",NA,NA,NA,NA,NA,NA,NA,NA,NA,NA,NA,NA,NA,NA,60,"Reported","Reported"
"116","Ultisol","Paleduldults",NA,"Fullerton","B1",1189,0.032,29,8.9,3.9,1974,53,"Ridge","Blount, TN",35.7,-83.9,"Mayes",NA,NA,NA,NA,NA,NA,NA,NA,NA,NA,NA,NA,NA,NA,60,"Reported","Reported"
"117","Ultisol","Paleduldults",NA,"Fullerton","B21t",3260,0.034,57.8,20.8,3.8,2267,53,"Ridge","Blount, TN",35.7,-83.9,"Mayes",NA,NA,NA,NA,NA,NA,NA,NA,NA,NA,NA,NA,NA,NA,60,"Reported","Reported"
"118","Ultisol","Paleduldults",NA,"Fullerton","B22t",2971,0.071,69.1,24.2,3.8,974,53,"Ridge","Blount, TN",35.7,-83.9,"Mayes",NA,NA,NA,NA,NA,NA,NA,NA,NA,NA,NA,NA,NA,NA,60,"Reported","Reported"
"119","Ultisol","Paleduldults",NA,"Fullerton","B3",3003,0.074,60.3,21.6,3.9,776,53,"Ridge","Blount, TN",35.7,-83.9,"Mayes",NA,NA,NA,NA,NA,NA,NA,NA,NA,NA,NA,NA,NA,NA,60,"Reported","Reported"
"120","Ultisol","Hapludults",NA,"Gilpin","Bt1",1471,0.018,33.4,33,4.6,5385,10,NA,NA,37.6916667,-81.675,"Mayes",NA,NA,NA,NA,NA,NA,NA,NA,NA,NA,NA,NA,NA,NA,60,"Reported","Reported"
"121","Ultisol","Hapludults",NA,"Gilpin","Bt2",1667,0.035,31.5,27,4.6,2385,10,NA,NA,37.6916667,-81.675,"Mayes",NA,NA,NA,NA,NA,NA,NA,NA,NA,NA,NA,NA,NA,NA,60,"Reported","Reported"
"122",NA,NA,NA,NA,"Bg",323,0.2264,8.24209,2.935,5.933,2076.13,NA,NA,NA,53.99,-105.12,"Kothawala",0.3424,0.27017,0.19133,0.99467,0.414,2.84317,24.86562,66.8923,0.4,467,"629","1",NA,NA,10,"Reported","Reported"
"123",NA,NA,NA,NA,"Bg",425,0.2087,10,2.475,5.115,2933.26,NA,NA,NA,48.22,-82.16,"Kothawala",0.66,0.337,0.292,1.16,0.441,3.07324,53.41014,36.58986,NA,NA,"NA","1",NA,NA,10,"Reported","Reported"
"124",NA,NA,NA,NA,"Bg",128.049472762317,0.043766852450893,16.41642,4.125,5.531,4772,NA,NA,NA,48.22,-82.16,"Kothawala",0.8704,0.6265,0.358,1.248,0.466,6.56118,61.16116,22.42242,NA,NA,"NA","1",NA,NA,10,"Fitted","Fitted"
"125",NA,NA,NA,NA,"Bg",147.229701017718,0.015014756760054,11.34119,3.105,5.178,6055.01,NA,NA,NA,48.22,-82.16,"Kothawala",0.9096,0.463,0.452,1.084,0.637,5.26136,58.33068,30.32813,NA,NA,"NA","1",NA,NA,10,"Fitted","Fitted"
"126",NA,NA,NA,NA,"Bg",262,0.0346,14.53155,2.09,5.698,1681.9,NA,NA,NA,48.22,-82.16,"Kothawala",0.7712,0.275,0.262,1.024,0.258,4.21303,57.28784,28.18061,NA,NA,"NA","1",NA,NA,10,"Reported","Reported"
"127",NA,NA,NA,NA,"Bg",262,0.0346,14.53155,2.09,5.698,1681.9,NA,NA,NA,48.22,-82.16,"Kothawala",0.7712,0.275,0.262,1.024,0.258,4.21303,57.28784,28.18061,NA,NA,"NA","2",NA,NA,10,"Reported","Reported"
"128",NA,NA,NA,NA,"Bg",262,0.0346,14.53155,2.09,5.698,1681.9,NA,NA,NA,48.22,-82.16,"Kothawala",0.7712,0.275,0.262,1.024,0.258,4.21303,57.28784,28.18061,NA,NA,"NA","3",NA,NA,10,"Reported","Reported"
"129",NA,NA,NA,NA,"Bg",3784,8e-04,21.66138,3.1,7.036,4039.1,NA,NA,NA,48.22,-82.16,"Kothawala",0.94627,0.5925,0.14833,1.24667,0.22633,7.93749,43.79201,34.54661,NA,NA,"NA","3",NA,NA,10,"Reported","Reported"
"130",NA,NA,NA,NA,"Bg",187,0.1051,8.59223,1.46,5.726,8094.46,NA,NA,NA,48.22,-82.16,"Kothawala",0.7972,0.225,0.468,0.656,0.517,5.61489,46.46845,44.93932,NA,NA,"NA","1",NA,NA,10,"Reported","Reported"
"131",NA,NA,NA,NA,"Bg",187,0.1051,8.59223,1.46,5.726,8094.46,NA,NA,NA,48.22,-82.16,"Kothawala",0.7972,0.225,0.468,0.656,0.517,5.61489,46.46845,44.93932,NA,NA,"NA","2",NA,NA,10,"Reported","Reported"
"132",NA,NA,NA,NA,"Bg",187,0.1051,8.59223,1.46,5.726,8094.46,NA,NA,NA,48.22,-82.16,"Kothawala",0.7972,0.225,0.468,0.656,0.517,5.61489,46.46845,44.93932,NA,NA,"NA","3",NA,NA,10,"Reported","Reported"
"133",NA,NA,NA,NA,"Bg",339,0.0301,38.38063,1.855,7.145,5727.23,NA,NA,NA,48.22,-82.16,"Kothawala",0.4008,0.139,0.223,0.532,0.234,4.80014,8.39452,53.22485,NA,NA,"NA","1",NA,NA,10,"Reported","Reported"
"134",NA,NA,NA,NA,"Bg",339,0.0301,38.38063,1.855,7.145,5727.23,NA,NA,NA,48.22,-82.16,"Kothawala",0.4008,0.139,0.223,0.532,0.234,4.80014,8.39452,53.22485,NA,NA,"NA","3",NA,NA,10,"Reported","Reported"
"135",NA,NA,NA,NA,"Ah",268,0.0703,8.22653,2.44,7.556,23346.44,NA,NA,NA,48.22,-82.16,"Kothawala",0.2236,0.309,0.162,0.488,0.057,6.97947,64.51068,27.26279,NA,NA,"NA","1",NA,NA,10,"Reported","Reported"
"136",NA,NA,NA,NA,"Ah",268,0.0703,8.22653,2.44,7.556,23346.44,NA,NA,NA,48.22,-82.16,"Kothawala",0.2236,0.309,0.162,0.488,0.057,6.97947,64.51068,27.26279,NA,NA,"NA","3",NA,NA,10,"Reported","Reported"
"137",NA,NA,NA,NA,"Bg",387,0.016,11.71604,7.665,6.922,17788.2,NA,NA,NA,48.22,-82.16,"Kothawala",5.796,2.163,1.958,1.268,0.633,19.42223,59.12626,29.1577,NA,NA,"NA","1",NA,NA,10,"Reported","Reported"
"138",NA,NA,NA,NA,"Bg",387,0.016,11.71604,7.665,6.922,17788.2,NA,NA,NA,48.22,-82.16,"Kothawala",5.796,2.163,1.958,1.268,0.633,19.42223,59.12626,29.1577,NA,NA,"NA","2",NA,NA,10,"Reported","Reported"
"139",NA,NA,NA,NA,"Bg",387,0.016,11.71604,7.665,6.922,17788.2,NA,NA,NA,48.22,-82.16,"Kothawala",5.796,2.163,1.958,1.268,0.633,19.42223,59.12626,29.1577,NA,NA,"NA","3",NA,NA,10,"Reported","Reported"
"140","Alfisol","Eutroboralf","Glossic",NA,"Ah",322.782698968454,0.182979820108795,19,19.2,3.5,40000,NA,NA,NA,50.100059,12.186223,"Kaiser",3.5,NA,NA,9.6,NA,NA,NA,NA,6,650,NA,NA,"0-10",0.9,5,"Fitted","Fitted"
"141","Alfisol","Eutroboralf","Glossic",NA,"(Sw)Al",1831.50125577775,0.00581304581570576,16,18.1,4.5,20000,NA,NA,NA,50.100059,12.186223,"Kaiser",3.1,NA,NA,8.6,NA,NA,NA,NA,6,650,NA,NA,"10-33",1,5,"Fitted","Fitted"
"142","Alfisol","Eutroboralf","Glossic",NA,"II(Sw)Al",1102.96006622178,0.0124532367319691,16,17.8,4.9,6000,NA,NA,NA,50.100059,12.186223,"Kaiser",2.2,NA,NA,7.4,NA,NA,NA,NA,6,650,NA,NA,"33-45",1.3,5,"Fitted","Fitted"
"143","Alfisol","Fraglossudalfs",NA,"Grenada","Btx",1967,0.031,25.7,16.2,3.9,NA,62,"Milan","Gibson, TN",35.9,-88.8,"Mayes",NA,NA,NA,NA,NA,NA,NA,NA,NA,NA,NA,NA,NA,NA,60,"Reported","Reported"
"144","Alfisol","Fraglossudalfs",NA,"Grenada","Bw2/E/Btx",2622,0.052,29.4,19.8,4.4,NA,62,"Milan","Gibson, TN",35.9,-88.8,"Mayes",NA,NA,NA,NA,NA,NA,NA,NA,NA,NA,NA,NA,NA,NA,60,"Reported","Reported"
"145","Alfisol","Fraglossudalfs",NA,"Grenada","C",1937,0.092,23.2,17.7,5.2,NA,62,"Milan","Gibson, TN",35.9,-88.8,"Mayes",NA,NA,NA,NA,NA,NA,NA,NA,NA,NA,NA,NA,NA,NA,60,"Reported","Reported"
"146","Mollisol","Argiustolls",NA,"Haxtun","Bk1",407,0.015,31.1,3.1,7.7,2548,2,"NRCS","Morgan, CO",40.4632759,-103.5596085,"Mayes",NA,NA,NA,NA,NA,NA,NA,NA,NA,NA,NA,NA,NA,NA,60,"Reported","Reported"
"147","Mollisol","Argiustolls",NA,"Haxtun","Bk2",1079,0.01,21.1,2.9,7.8,2110,2,"NRCS","Morgan, CO",40.4632759,-103.5596085,"Mayes",NA,NA,NA,NA,NA,NA,NA,NA,NA,NA,NA,NA,NA,NA,60,"Reported","Reported"
"148","Mollisol","Argiustolls",NA,"Haxtun","Bk3",1328,0.011,19.9,3.2,7.9,1794,2,"NRCS","Morgan, CO",40.4632759,-103.5596085,"Mayes",NA,NA,NA,NA,NA,NA,NA,NA,NA,NA,NA,NA,NA,NA,60,"Reported","Reported"
"149","Mollisol","Argiustolls",NA,"Haxtun","C1",664,0.022,11.9,2,8.1,1541,2,"NRCS","Morgan, CO",40.4632759,-103.5596085,"Mayes",NA,NA,NA,NA,NA,NA,NA,NA,NA,NA,NA,NA,NA,NA,60,"Reported","Reported"
"150","Ultisol","Kanhapludults",NA,"Hayesville","Bt1",4455,0.06,46.1,51,5.7,2181,22,NA,NA,35.5280571,-82.5794449,"Mayes",NA,NA,NA,NA,NA,NA,NA,NA,NA,NA,NA,NA,NA,NA,60,"Reported","Reported"
"151","Ultisol","Kanhapludults",NA,"Hayesville","C1",2642,0.099,13.5,46,4.6,1624,22,NA,NA,35.5280571,-82.5794449,"Mayes",NA,NA,NA,NA,NA,NA,NA,NA,NA,NA,NA,NA,NA,NA,60,"Reported","Reported"
"152","Ultisol","Kanhapludults",NA,"Hayesville","C3",1154,0.091,1.7,38,4.5,1560,22,NA,NA,35.5280571,-82.5794449,"Mayes",NA,NA,NA,NA,NA,NA,NA,NA,NA,NA,NA,NA,NA,NA,60,"Reported","Reported"
"153","Ultisol","Paleduldults",NA,"Holston","B2",2665,0.122,19.7,8.9,4.7,2188,63,"Ridge","Anderson, TN",36.1,-84.2,"Mayes",NA,NA,NA,NA,NA,NA,NA,NA,NA,NA,NA,NA,NA,NA,60,"Reported","Reported"
"154","Ultisol","Paleduldults",NA,"Holston","Bt2",2530,0.122,39.3,9.8,4.2,1817,63,"Ridge","Anderson, TN",36.1,-84.2,"Mayes",NA,NA,NA,NA,NA,NA,NA,NA,NA,NA,NA,NA,NA,NA,60,"Reported","Reported"
"155","Ultisol","Hapludults",NA,"Jefferson","B1",1255,0.027,25.4,15.5,6.6,2741,64,"Ridge","Anderson, TN",36.1,-84.2,"Mayes",NA,NA,NA,NA,NA,NA,NA,NA,NA,NA,NA,NA,NA,NA,60,"Reported","Reported"
"156","Ultisol","Hapludults",NA,"Jefferson","Bt1",1469,0.044,29.2,15.2,6.5,1986,64,"Ridge","Anderson, TN",36.1,-84.2,"Mayes",NA,NA,NA,NA,NA,NA,NA,NA,NA,NA,NA,NA,NA,NA,60,"Reported","Reported"
"157","Ultisol","Hapludults",NA,"Jefferson","Bt2",1699,0.048,39.4,20.1,6.2,2166,64,"Ridge","Anderson, TN",36.1,-84.2,"Mayes",NA,NA,NA,NA,NA,NA,NA,NA,NA,NA,NA,NA,NA,NA,60,"Reported","Reported"
"158","Ultisol","Hapludults",NA,"Jefferson","2Bt1",2038,0.056,42,22.2,6.3,1956,64,"Ridge","Anderson, TN",36.1,-84.2,"Mayes",NA,NA,NA,NA,NA,NA,NA,NA,NA,NA,NA,NA,NA,NA,60,"Reported","Reported"
"159","Ultisol","Hapludults",NA,"Jefferson","2bt1",1975.96877824347,0.0463211427883788,NA,NA,NA,NA,NA,NA,NA,NA,NA,"Mayes",NA,NA,NA,NA,NA,NA,NA,NA,NA,NA,NA,NA,NA,NA,60,"Fitted","Fitted"
"160","Ultisol","Hapludults",NA,"Jefferson",NA,392.8,0.1876,42,22,6.3,NA,64,"Ridge","Anderson, TN",36.1,-84.2,"Jagadamma",NA,NA,NA,NA,NA,NA,NA,NA,NA,NA,NA,NA,NA,NA,60,"Reported","Reported"
"161","Mollisol","Argiustolls",NA,"Labette","Bt1",6554,0.011,52.7,18,5.6,8384,52,"NRCS","Butler, KS",37.8,-96.8,"Mayes",NA,NA,NA,NA,NA,NA,NA,NA,NA,NA,NA,NA,NA,NA,60,"Reported","Reported"
"162","Mollisol","Argiustolls",NA,"Labette","Bt2",3703,0.021,56.7,20,5.8,7032,52,"NRCS","Butler, KS",37.8,-96.8,"Mayes",NA,NA,NA,NA,NA,NA,NA,NA,NA,NA,NA,NA,NA,NA,60,"Reported","Reported"
"163","Alfisol","Hapludalfs",NA,"Lagonda","Btg1",505,0.01,39.6,11,6.3,8076,45,"NRCS","Lucas, IA",41.0533333,-93.480835,"Mayes",NA,NA,NA,NA,NA,NA,NA,NA,NA,NA,NA,NA,NA,NA,60,"Reported","Reported"
"164","Alfisol","Hapludalfs",NA,"Lagonda","Btg2",1206,0.029,37.8,11,6.2,4875,45,"NRCS","Lucas, IA",41.0533333,-93.480835,"Mayes",NA,NA,NA,NA,NA,NA,NA,NA,NA,NA,NA,NA,NA,NA,60,"Reported","Reported"
"165","Alfisol","Hapludalfs",NA,"Lagonda","Btg3",2603,0.031,36.3,11,6.4,3083,45,"NRCS","Lucas, IA",41.0533333,-93.480835,"Mayes",NA,NA,NA,NA,NA,NA,NA,NA,NA,NA,NA,NA,NA,NA,60,"Reported","Reported"
"166","Alfisol","Hapludalfs",NA,"Lagonda","2Btg4",1660,0.027,25.2,12,6.5,2856,45,"NRCS","Lucas, IA",41.0533333,-93.480835,"Mayes",NA,NA,NA,NA,NA,NA,NA,NA,NA,NA,NA,NA,NA,NA,60,"Reported","Reported"
"167","Alfisol","Hapludalfs",NA,"Lagonda","2Btg5",2828,0.031,27.4,12,6.7,2060,45,"NRCS","Lucas, IA",41.0533333,-93.480835,"Mayes",NA,NA,NA,NA,NA,NA,NA,NA,NA,NA,NA,NA,NA,NA,60,"Reported","Reported"
"168","Alfisol","Hapludalfs",NA,"Lagonda","3Bt1",1767,0.038,36.2,13,6.7,2001,45,"NRCS","Lucas, IA",41.0533333,-93.480835,"Mayes",NA,NA,NA,NA,NA,NA,NA,NA,NA,NA,NA,NA,NA,NA,60,"Reported","Reported"
"169","Alfisol","Hapludalfs",NA,"Lagonda","3Bt2",2596,0.043,48.3,15,6.5,2042,45,"NRCS","Lucas, IA",41.0533333,-93.480835,"Mayes",NA,NA,NA,NA,NA,NA,NA,NA,NA,NA,NA,NA,NA,NA,60,"Reported","Reported"
"170","Alfisol","Hapludalfs",NA,"Lagonda","3Bt3",3039,0.041,50.7,17,6.4,2077,45,"NRCS","Lucas, IA",41.0533333,-93.480835,"Mayes",NA,NA,NA,NA,NA,NA,NA,NA,NA,NA,NA,NA,NA,NA,60,"Reported","Reported"
"171","Mollisol","Haplaquoll",NA,"Lanton","Cg",1201,0.034,28,10,5.2,2954,6,"NRCS","Neosho, KS",37.5102768,-95.1077805,"Mayes",NA,NA,NA,NA,NA,NA,NA,NA,NA,NA,NA,NA,NA,NA,60,"Reported","Reported"
"172","Alfisol","Fragiudalfs",NA,"Lawrence","Bt1",991,0.231,25.8,17.5,4.3,1100,65,"SERDP",NA,38.7,-85.1,"Mayes",NA,NA,NA,NA,NA,NA,NA,NA,NA,NA,NA,NA,NA,NA,60,"Reported","Reported"
"173","Inceptisol","Dystrudepts",NA,"Lehew","B2",746,0.136,34.1,9.2,4.4,2372,66,"Ridge","Anderson, TN",36.1,-84.2,"Mayes",NA,NA,NA,NA,NA,NA,NA,NA,NA,NA,NA,NA,NA,NA,60,"Reported","Reported"
"174","Alfisol","Paleudalfs",NA,"Lenberg","Bt1",1552,0.012,64.7,15.7,4.4,3600,67,"SERDP","Perry, IN",38.1,-86.6,"Mayes",NA,NA,NA,NA,NA,NA,NA,NA,NA,NA,NA,NA,NA,NA,60,"Reported","Reported"
"175","Mollisol","Argiustolls",NA,"Longford","Bt1",3502,0.02,36.3,8.6,5.9,3168,47,"NRCS","Washington, KS",39.7811928,-97.0597763,"Mayes",NA,NA,NA,NA,NA,NA,NA,NA,NA,NA,NA,NA,NA,NA,60,"Reported","Reported"
"176","Mollisol","Argiustolls",NA,"Longford","Bt2",2478,0.014,35.8,6.7,6.6,2902,47,"NRCS","Washington, KS",39.7811928,-97.0597763,"Mayes",NA,NA,NA,NA,NA,NA,NA,NA,NA,NA,NA,NA,NA,NA,60,"Reported","Reported"
"177","Mollisol","Argiustolls",NA,"Longford","2Bk1",3599,0.01,42.5,4.4,7.6,1809,47,"NRCS","Washington, KS",39.7811928,-97.0597763,"Mayes",NA,NA,NA,NA,NA,NA,NA,NA,NA,NA,NA,NA,NA,NA,60,"Reported","Reported"
"178","Mollisol","Argiustolls",NA,"Longford","2Bk2",1426,0.015,39,4.4,7.7,1708,47,"NRCS","Washington, KS",39.7811928,-97.0597763,"Mayes",NA,NA,NA,NA,NA,NA,NA,NA,NA,NA,NA,NA,NA,NA,60,"Reported","Reported"
"179","Mollisol","Argiustolls",NA,"Longford","2C",1679,0.013,29.3,3.9,7.8,1645,47,"NRCS","Washington, KS",39.7811928,-97.0597763,"Mayes",NA,NA,NA,NA,NA,NA,NA,NA,NA,NA,NA,NA,NA,NA,60,"Reported","Reported"
"180","Mollisol","Argiustolls",NA,"Longford",NA,472.98864795733,0.0812442502571309,36,6.7,6.6,NA,47,"NRCS","Washington, KS",39.7811928,-97.0597763,"Jagadamma",NA,NA,NA,NA,NA,NA,NA,NA,NA,NA,NA,NA,NA,NA,60,"Fitted","Fitted"
"181","Ultisol","Hapludults",NA,"Luverne","Bt1",2789,0.034,51.5,28,4,1890,20,"CSiTE","Wilcox, AL",31.8724995,-87.2447205,"Mayes",NA,NA,NA,NA,NA,NA,NA,NA,NA,NA,NA,NA,NA,NA,60,"Reported","Reported"
"182","Ultisol","Hapludults",NA,"Luverne","Bt2",2447,0.068,45.9,21,3.9,2414,20,"CSiTE","Wilcox, AL",31.8724995,-87.2447205,"Mayes",NA,NA,NA,NA,NA,NA,NA,NA,NA,NA,NA,NA,NA,NA,60,"Reported","Reported"
"183","Ultisol","Hapludults",NA,"Luverne","Bt3",2276,0.091,40.1,21,3.8,212,20,"CSiTE","Wilcox, AL",31.8724995,-87.2447205,"Mayes",NA,NA,NA,NA,NA,NA,NA,NA,NA,NA,NA,NA,NA,NA,60,"Reported","Reported"
"184","Ultisol","Hapludults",NA,"Luverne","Bt4",1877,0.087,33.8,21,3.7,1824,20,"CSiTE","Wilcox, AL",31.8724995,-87.2447205,"Mayes",NA,NA,NA,NA,NA,NA,NA,NA,NA,NA,NA,NA,NA,NA,60,"Reported","Reported"
"185","Alfisol",NA,NA,NA,"Ae",188,0.0405,28.6714,2.74,4.714,4530.07,NA,NA,NA,53.63,-106.2,"Kothawala",0.4576,0.332,0.323,0.792,0.525,2.78443,19.31421,52.0144,0.4,467,"600","1",NA,NA,10,"Reported","Reported"
"186","Alfisol",NA,NA,NA,"Bt",552,0.0194,NA,5.385,4.907,4038.76,NA,NA,NA,53.63,-106.2,"Kothawala",0.8204,0.6,0.468,1.176,0.987,7.55568,NA,NA,0.4,467,"600","1",NA,NA,10,"Reported","Reported"
"187","Alfisol",NA,NA,NA,"Bt",508,0.0358,32.24131,6.61,5.331,3443.2,NA,NA,NA,53.63,-106.2,"Kothawala",0.826,1.0705,0.33533,1.41333,0.937,8.03407,19.26688,48.49181,0.4,467,"600","1",NA,NA,10,"Reported","Reported"
"188","Alfisol","Hapludalfs",NA,"Malmo","Bt1",4724,0.012,36.9,12,5.4,3868,44,"NRCS","Lancaster, NB",40.8690262,-96.7943573,"Mayes",NA,NA,NA,NA,NA,NA,NA,NA,NA,NA,NA,NA,NA,NA,60,"Reported","Reported"
"189","Alfisol","Hapludalfs",NA,"Malmo","Bt2",2098,0.028,37.2,11,6,3240,44,"NRCS","Lancaster, NB",40.8690262,-96.7943573,"Mayes",NA,NA,NA,NA,NA,NA,NA,NA,NA,NA,NA,NA,NA,NA,60,"Reported","Reported"
"190","Alfisol","Hapludalfs",NA,"Malmo","Bt3",2924,0.028,36.2,9,6.2,2511,44,"NRCS","Lancaster, NB",40.8690262,-96.7943573,"Mayes",NA,NA,NA,NA,NA,NA,NA,NA,NA,NA,NA,NA,NA,NA,60,"Reported","Reported"
"191","Alfisol","Hapludalfs",NA,"Malmo","Bt4",2207,0.024,30.4,1,6.3,1842,44,"NRCS","Lancaster, NB",40.8690262,-96.7943573,"Mayes",NA,NA,NA,NA,NA,NA,NA,NA,NA,NA,NA,NA,NA,NA,60,"Reported","Reported"
"192","Alfisol","Hapludalfs",NA,"Malmo","BCg",1483,0.022,26.5,4,6.3,1715,44,"NRCS","Lancaster, NB",40.8690262,-96.7943573,"Mayes",NA,NA,NA,NA,NA,NA,NA,NA,NA,NA,NA,NA,NA,NA,60,"Reported","Reported"
"193","Alfisol","Hapludalfs",NA,"Malmo","C",1487,0.018,13.3,3,6.3,1635,44,"NRCS","Lancaster, NB",40.8690262,-96.7943573,"Mayes",NA,NA,NA,NA,NA,NA,NA,NA,NA,NA,NA,NA,NA,NA,60,"Reported","Reported"
"194","Alfisol","Hapludalfs",NA,"Malmo","Cg",1570,0.018,30.3,3.3,6.5,1674,44,"NRCS","Lancaster, NB",40.8690262,-96.7943573,"Mayes",NA,NA,NA,NA,NA,NA,NA,NA,NA,NA,NA,NA,NA,NA,60,"Reported","Reported"
"195","Alfisol","Hapludalfs",NA,"Malmo",NA,493.6,0.0526,37,11,6,NA,44,"NRCS","Lancaster, NB",40.8690262,-96.7943573,"Jagadamma",NA,NA,NA,NA,NA,NA,NA,NA,NA,NA,NA,NA,NA,NA,60,"Reported","Reported"
"196","Inceptisol","Endoaquepts",NA,"Mantachie","Bg",629,0.081,9.4,4,3.9,2108,11,NA,NA,32.1569443,-95.2555542,"Mayes",NA,NA,NA,NA,NA,NA,NA,NA,NA,NA,NA,NA,NA,NA,60,"Reported","Reported"
"197","Inceptisol","Endoaquepts",NA,"Mantachie","Bg2-4",1310,0.065,24.4,23.3,3.7,2255,11,NA,NA,32.1569443,-95.2555542,"Mayes",NA,NA,NA,NA,NA,NA,NA,NA,NA,NA,NA,NA,NA,NA,60,"Reported","Reported"
"198","Alfisol","Glossudalfs",NA,"Marlette","B/E",726,0.011,10.2,4.3,7,2168,49,"CSiTE","Gratiot, MI",43.3,-84.6,"Mayes",NA,NA,NA,NA,NA,NA,NA,NA,NA,NA,NA,NA,NA,NA,60,"Reported","Reported"
"199","Alfisol","Glossudalfs",NA,"Marlette","Bt",829,0.039,22.5,3.2,5,2195,49,"CSiTE","Gratiot, MI",43.3,-84.6,"Mayes",NA,NA,NA,NA,NA,NA,NA,NA,NA,NA,NA,NA,NA,NA,60,"Reported","Reported"
"200","Alfisol","Glossudalfs",NA,"Marlette","BC",2989,0.014,16.6,2.7,7,2364,49,"CSiTE","Gratiot, MI",43.3,-84.6,"Mayes",NA,NA,NA,NA,NA,NA,NA,NA,NA,NA,NA,NA,NA,NA,60,"Reported","Reported"
"201","Alfisol","Glossudalfs",NA,"Marlette","C",580,0.027,12.4,3.1,7.7,2048,49,"CSiTE","Gratiot, MI",43.3,-84.6,"Mayes",NA,NA,NA,NA,NA,NA,NA,NA,NA,NA,NA,NA,NA,NA,60,"Reported","Reported"
"202","Mollisol","Endoaquolls",NA,"Marshan","Bg",920,0.031,16.6,12,6.8,2731,24,"NRCS","Buchanan, IA",42.5419426,-92.0116653,"Mayes",NA,NA,NA,NA,NA,NA,NA,NA,NA,NA,NA,NA,NA,NA,60,"Reported","Reported"
"203","Mollisol","Endoaquolls",NA,"Marshan","BC",1480,0.01,9.5,8,6.7,1819,24,"NRCS","Buchanan, IA",42.5419426,-92.0116653,"Mayes",NA,NA,NA,NA,NA,NA,NA,NA,NA,NA,NA,NA,NA,NA,60,"Reported","Reported"
"204","Alfisol","Hapludalfs",NA,"Memphis","Bt1",405,0.022,27.5,14.5,4.8,3541,17,"CSiTE","Gibson, TN",36.0005569,-89.1744461,"Mayes",NA,NA,NA,NA,NA,NA,NA,NA,NA,NA,NA,NA,NA,NA,60,"Reported","Reported"
"205","Alfisol","Hapludalfs",NA,"Memphis","Bt2",1322,0.094,23.7,16,4.6,2548,17,"CSiTE","Gibson, TN",36.0005569,-89.1744461,"Mayes",NA,NA,NA,NA,NA,NA,NA,NA,NA,NA,NA,NA,NA,NA,60,"Reported","Reported"
"206",NA,NA,NA,NA,"Ah",855,0.0046,8.96906,0.572,6.603,72545.89,NA,NA,NA,NA,NA,"Kothawala",2.6756,0.81,2.152,0.768,0.792,29.8347,68.62834,22.40261,NA,NA,NA,"1",NA,NA,10,"Reported","Reported"
"207",NA,NA,NA,NA,"Ah",855,0.0046,8.96906,0.572,6.603,72545.89,NA,NA,NA,NA,NA,"Kothawala",2.6756,0.81,2.152,0.768,0.792,29.8347,68.62834,22.40261,NA,NA,NA,"3",NA,NA,10,"Reported","Reported"
"208",NA,NA,NA,NA,"Ah",3385.08958704851,NA,11.85288,0.475,6.983,22140.36,NA,NA,NA,NA,NA,"Kothawala",0.7136,0.3825,0.554,0.3336,0.167,14.74132,46.61593,41.53119,NA,NA,NA,"3",NA,NA,10,"Fitted","Fitted"
"209",NA,NA,NA,NA,"Bgf",377,0.0973,10.27384,12.61,7.211,14574.19,NA,NA,NA,NA,NA,"Kothawala",0.4796,6.46,0.235,1.616,0.222,9.03875,54.54727,35.17889,NA,NA,NA,"1",NA,NA,10,"Reported","Reported"
"210",NA,NA,NA,NA,"Bgf",377,0.0973,10.27384,12.61,7.211,14574.19,NA,NA,NA,NA,NA,"Kothawala",0.4796,6.46,0.235,1.616,0.222,9.03875,54.54727,35.17889,NA,NA,NA,"2",NA,NA,10,"Reported","Reported"
"211",NA,NA,NA,NA,"Bgf",377,0.0973,10.27384,12.61,7.211,14574.19,NA,NA,NA,NA,NA,"Kothawala",0.4796,6.46,0.235,1.616,0.222,9.03875,54.54727,35.17889,NA,NA,NA,"3",NA,NA,10,"Reported","Reported"
"212","Mollisol","Haplustolls",NA,"Muir","2Bwb3",542,0.009,21.7,5.4,7.3,3891,27,"NRCS","Republic, KS",39.8996925,-97.8147202,"Mayes",NA,NA,NA,NA,NA,NA,NA,NA,NA,NA,NA,NA,NA,NA,60,"Reported","Reported"
"213","Alfisol","Glossudalfs",NA,"Nester","B",385,0.03,26.5,8,5.7,1822,50,"CSiTE","Iosco, MI",44.4,-83.6,"Mayes",NA,NA,NA,NA,NA,NA,NA,NA,NA,NA,NA,NA,NA,NA,60,"Reported","Reported"
"214","Alfisol","Glossudalfs",NA,"Nester","Bt",883,0.057,38.8,10,6.7,2284,50,"CSiTE","Iosco, MI",44.4,-83.6,"Mayes",NA,NA,NA,NA,NA,NA,NA,NA,NA,NA,NA,NA,NA,NA,60,"Reported","Reported"
"215","Alfisol","Glossudalfs",NA,"Nester","C1",823,0.073,34.1,5,7.6,987,50,"CSiTE","Iosco, MI",44.4,-83.6,"Mayes",NA,NA,NA,NA,NA,NA,NA,NA,NA,NA,NA,NA,NA,NA,60,"Reported","Reported"
"216","Alfisol","Glossudalfs",NA,"Nester","C2",761,0.084,33,5,7.7,6001,50,"CSiTE","Iosco, MI",44.4,-83.6,"Mayes",NA,NA,NA,NA,NA,NA,NA,NA,NA,NA,NA,NA,NA,NA,60,"Reported","Reported"
"217","Alfisol",NA,NA,"Norfolk","Bt",3166,0.147,42.2,20.4,6.5,2255,68,"CSiTE","Gratiot, MI",43.3,-84.6,"Mayes",NA,NA,NA,NA,NA,NA,NA,NA,NA,NA,NA,NA,NA,NA,60,"Reported","Reported"
"218","Ultisol","Kandiudults",NA,"Orangeburg","Bt1",1209,0.055,17.7,11,4.6,2237,14,NA,NA,33.1130562,-82.4283371,"Mayes",NA,NA,NA,NA,NA,NA,NA,NA,NA,NA,NA,NA,NA,NA,60,"Reported","Reported"
"219","Ultisol","Kandiudults",NA,"Orangeburg","Bt3",3045,0.072,45.9,34,5.2,1991,14,NA,NA,33.1130562,-82.4283371,"Mayes",NA,NA,NA,NA,NA,NA,NA,NA,NA,NA,NA,NA,NA,NA,60,"Reported","Reported"
"220","Alfisol","Haplustalfs",NA,"Paducah","Bt11",1789,0.014,22.4,8,7.2,3145,32,"NRCS","Stonewall, TX",33.0094452,-100.4316635,"Mayes",NA,NA,NA,NA,NA,NA,NA,NA,NA,NA,NA,NA,NA,NA,60,"Reported","Reported"
"221","Alfisol","Haplustalfs",NA,"Paducah","Bt13",1720,0.019,19.8,7,7.5,2481,32,"NRCS","Stonewall, TX",33.0094452,-100.4316635,"Mayes",NA,NA,NA,NA,NA,NA,NA,NA,NA,NA,NA,NA,NA,NA,60,"Reported","Reported"
"222","Alfisol","Haplustalfs",NA,"Paducah","Bt21",625,0.031,17.2,7,7.8,2045,32,"NRCS","Stonewall, TX",33.0094452,-100.4316635,"Mayes",NA,NA,NA,NA,NA,NA,NA,NA,NA,NA,NA,NA,NA,NA,60,"Reported","Reported"
"223","Alfisol","Haplustalfs",NA,"Paducah","Bk",395,0.041,13.4,4,7.9,1838,32,"NRCS","Stonewall, TX",33.0094452,-100.4316635,"Mayes",NA,NA,NA,NA,NA,NA,NA,NA,NA,NA,NA,NA,NA,NA,60,"Reported","Reported"
"224","Alfisol","Haplustalfs",NA,"Paducah","C1",2368,0.007,11.3,5,8,1637,32,"NRCS","Stonewall, TX",33.0094452,-100.4316635,"Mayes",NA,NA,NA,NA,NA,NA,NA,NA,NA,NA,NA,NA,NA,NA,60,"Reported","Reported"
"225","Alfisol","Haplustalfs",NA,"Paducah","C2",2185,0.007,7.3,6,8,1609,32,"NRCS","Stonewall, TX",33.0094452,-100.4316635,"Mayes",NA,NA,NA,NA,NA,NA,NA,NA,NA,NA,NA,NA,NA,NA,60,"Reported","Reported"
"226","Mollisol","Argiudolls",NA,"Pawnee","Bt1",1874,0.019,46.8,24,5.4,6792,42,"NRCS","Lancaster, NB",40.6959724,-96.8552246,"Mayes",NA,NA,NA,NA,NA,NA,NA,NA,NA,NA,NA,NA,NA,NA,60,"Reported","Reported"
"227","Mollisol","Argiudolls",NA,"Pawnee","Btss",1582,0.019,41.8,17,6.7,3643,42,"NRCS","Lancaster, NB",40.6959724,-96.8552246,"Mayes",NA,NA,NA,NA,NA,NA,NA,NA,NA,NA,NA,NA,NA,NA,60,"Reported","Reported"
"228","Mollisol","Argiudolls",NA,"Pawnee","Btkss",2182,0.007,35.5,14,7.6,2109,42,"NRCS","Lancaster, NB",40.6959724,-96.8552246,"Mayes",NA,NA,NA,NA,NA,NA,NA,NA,NA,NA,NA,NA,NA,NA,60,"Reported","Reported"
"229","Mollisol","Argiudolls",NA,"Pawnee","Bk1",1305,0.01,32.8,22,7.7,1803,42,"NRCS","Lancaster, NB",40.6959724,-96.8552246,"Mayes",NA,NA,NA,NA,NA,NA,NA,NA,NA,NA,NA,NA,NA,NA,60,"Reported","Reported"
"230","Mollisol","Argiudolls",NA,"Pawnee","Bk2",1905,0.009,29.7,16,7.7,1811,42,"NRCS","Lancaster, NB",40.6959724,-96.8552246,"Mayes",NA,NA,NA,NA,NA,NA,NA,NA,NA,NA,NA,NA,NA,NA,60,"Reported","Reported"
"231","Mollisol","Argiudolls",NA,"Pawnee",NA,109.693884882961,0.118294555182226,30,16,7.7,NA,42,"NRCS","Lancaster, NB",40.6959724,-96.8552246,"Jagadamma",NA,NA,NA,NA,NA,NA,NA,NA,NA,NA,NA,NA,NA,NA,60,"Fitted","Fitted"
"232","Entisol","Udipsamments",NA,"Plainfield","Bw",691,0.021,3.5,2.1,5.6,1723,35,"CSiTE","Peoria, IL",44.1180573,-89.5463867,"Mayes",NA,NA,NA,NA,NA,NA,NA,NA,NA,NA,NA,NA,NA,NA,60,"Reported","Reported"
"233","Entisol","Udipsamments",NA,"Plainfield","1BC",625,0.024,1.2,1.5,5,1588,35,"CSiTE","Peoria, IL",44.1180573,-89.5463867,"Mayes",NA,NA,NA,NA,NA,NA,NA,NA,NA,NA,NA,NA,NA,NA,60,"Reported","Reported"
"234","Entisol","Udipsamments",NA,"Plainfield","C",111,0.084,0.9,1.6,5.3,1607,35,"CSiTE","Peoria, IL",44.1180573,-89.5463867,"Mayes",NA,NA,NA,NA,NA,NA,NA,NA,NA,NA,NA,NA,NA,NA,60,"Reported","Reported"
"235","Spodosol",NA,NA,NA,"Ae",32.2711453471953,0.0642719476124565,14.37276,5.34,3.632,29082.57,NA,NA,NA,45.11,-78.5,"Kothawala",0.954,0.612,0.662,2.264,1.536,1.61386,35.21443,50.41281,NA,NA,NA,"1",NA,NA,10,"Fitted","Fitted"
"236","Spodosol",NA,NA,NA,"Bf",594.591919439238,0.0989111342229885,9.49984,23.66,4.298,45242.06,NA,NA,NA,45.11,-78.5,"Kothawala",15.392,15.53,10.32,15.912,5.424,0.3634,13.70151,76.79865,NA,NA,NA,"1",NA,NA,10,"Fitted","Fitted"
"237","Spodosol",NA,NA,NA,"Bf",1162,0.0318,8.82019,11.96,4.374,36805.77,NA,NA,NA,45.11,-78.5,"Kothawala",17.312,14.53167,7.60533,8.32,2.5,0.20148,28.5519,62.62791,NA,NA,NA,"1",NA,NA,10,"Reported","Reported"
"238","Spodosol",NA,NA,NA,"Ae",68.9314965339831,NA,8.71592,4.45,3.785,20651.6,NA,NA,NA,45.59,-74.01,"Kothawala",2.05,1.309,1.486,2.428,1.944,0.82785,49.84852,41.43556,3.9,1150,"400","1",NA,NA,10,"Fitted","Fitted"
"239","Spodosol",NA,NA,NA,"Bf",754,0.0917,9.47315,0.466,4.141,37480.58,NA,NA,NA,45.59,-74.01,"Kothawala",11.26,10.215,9.466,11.648,8.148,0.59865,42.52786,47.99899,3.9,1150,"400","1",NA,NA,10,"Reported","Reported"
"240","Spodosol",NA,NA,NA,NA,1267,NA,NA,NA,NA,0,NA,NA,NA,45.59,-74.01,"Kothawala",NA,NA,0,NA,NA,NA,NA,NA,3.9,1150,"400","NA",NA,NA,10,"Reported","Fitted"
"241","Spodosol",NA,NA,NA,"Bfh",4913,0.1031,16.57157,0.511,4.365,71790.91,NA,NA,NA,45.59,-74.01,"Kothawala",37.888,29.335,12.04,19.656,12.168,0.61273,15.30638,68.12205,3.9,1150,"400","1",NA,NA,10,"Reported","Reported"
"242","Spodosol",NA,NA,NA,"Bfh",288,0.1626,NA,28.6,4.116,84750.61,NA,NA,NA,45.59,-74.01,"Kothawala",26.98,18.47833,16.41,26.312,18.876,1.57871,NA,NA,3.9,1150,"400","1",NA,NA,10,"Reported","Reported"
"243","Spodosol",NA,NA,NA,"C",754,0.1101,5.85308,3.485,4.689,2649.78,NA,NA,NA,45.59,-74.01,"Kothawala",4.668,1.926,1.465,1.20267,0.302,0.12722,12.67171,81.47521,3.9,1150,"400","1",NA,NA,10,"Reported","Reported"
"244","Spodosol",NA,NA,NA,"Bfh",921,0.0252,10.40098,22.62,3.678,60998.73,NA,NA,NA,47.17,-71.14,"Kothawala",7.912,8.83,8.986,16.224,14.82,0.40391,15.42898,74.17005,-0.6,NA,"800","1",NA,NA,10,"Reported","Reported"
"245","Spodosol",NA,NA,NA,"Bfh",1372,0.2546,8.55702,19.63,4.137,64142.48,NA,NA,NA,47.17,-71.14,"Kothawala",18.144,16.62,12.294,16.848,26.208,0.33502,16.19595,75.24703,-0.6,NA,"800","1",NA,NA,10,"Reported","Reported"
"246","Spodosol",NA,NA,NA,"Ahe",78,0.1983,6.60715,0.405,NA,6784.96,NA,NA,NA,49.12,-73.29,"Kothawala",0.3196,0.1725,NA,0.2064,0,0.01491,7.98229,85.41057,0,817,"400","1",NA,NA,10,"Reported","Reported"
"247","Spodosol",NA,NA,NA,"Bm",629,0.0482,6.34195,5.48,4.746,8177.53,NA,NA,NA,49.12,-73.29,"Kothawala",12.14,3.935,1.815,4.468,0.634,0.02993,5.3783,88.27975,0,817,"400","1",NA,NA,10,"Reported","Reported"
"248","Spodosol",NA,NA,NA,"Bm",940,0.0476,5.96579,6.43,5.25,7272.89,NA,NA,NA,49.12,-73.29,"Kothawala",17.284,4.155,2.035,5.848,0.306,0.00997,8.48068,85.55353,0,817,"400","1",NA,NA,10,"Reported","Reported"
"249","Spodosol",NA,NA,NA,"C",381,0.2731,4.24519,2.015,4.9,3066.86,NA,NA,NA,49.12,-73.29,"Kothawala",4.52,1.044,0.531,1.876,0.216,0.04968,0,96.24083,0,817,"400","1",NA,NA,10,"Reported","Reported"
"250","Mollisol","Paleustolls",NA,"Pullman","Bt1",771,0.024,45.2,9,7.2,5947,40,NA,NA,34.9,-102.6,"Mayes",NA,NA,NA,NA,NA,NA,NA,NA,NA,NA,NA,NA,NA,NA,60,"Reported","Reported"
"251","Mollisol","Paleustolls",NA,"Pullman","Btk1",797,0.012,42.5,9,7.7,4653,40,NA,NA,34.9,-102.6,"Mayes",NA,NA,NA,NA,NA,NA,NA,NA,NA,NA,NA,NA,NA,NA,60,"Reported","Reported"
"252","Mollisol","Paleustolls",NA,"Pullman","Btk5",1130,0.014,38.1,5,7.8,2196,40,NA,NA,34.9,-102.6,"Mayes",NA,NA,NA,NA,NA,NA,NA,NA,NA,NA,NA,NA,NA,NA,60,"Reported","Reported"
"253","Mollisol","Paleustolls",NA,"Pullman","Btk6",1106,0.014,34.8,6,7.8,1864,40,NA,NA,34.9,-102.6,"Mayes",NA,NA,NA,NA,NA,NA,NA,NA,NA,NA,NA,NA,NA,NA,60,"Reported","Reported"
"254","Inceptisol","Dystrudepts",NA,"Riverview","BCb",1039,0.081,23.4,7.3,3.8,1901,33,"CSiTE","Macon, AL",32.4552765,-85.6611099,"Mayes",NA,NA,NA,NA,NA,NA,NA,NA,NA,NA,NA,NA,NA,NA,60,"Reported","Reported"
"255","Inceptisol","Dystrudepts",NA,"Riverview","Bt1b",431,0.223,21.1,5,3.9,1879,33,"CSiTE","Macon, AL",32.4552765,-85.6611099,"Mayes",NA,NA,NA,NA,NA,NA,NA,NA,NA,NA,NA,NA,NA,NA,60,"Reported","Reported"
"256","Inceptisol","Dystrudepts",NA,"Riverview","Bt2b",463,0.307,21,5.4,3.9,2005,33,"CSiTE","Macon, AL",32.4552765,-85.6611099,"Mayes",NA,NA,NA,NA,NA,NA,NA,NA,NA,NA,NA,NA,NA,NA,60,"Reported","Reported"
"257","Inceptisol","Dystrudepts",NA,"Riverview","Bw1",585,0.09,28.5,6,4.2,3362,33,"CSiTE","Macon, AL",32.4552765,-85.6611099,"Mayes",NA,NA,NA,NA,NA,NA,NA,NA,NA,NA,NA,NA,NA,NA,60,"Reported","Reported"
"258","Inceptisol","Dystrudepts",NA,"Riverview","Bw2",535,0.161,23.5,5.7,4.6,2255,33,"CSiTE","Macon, AL",32.4552765,-85.6611099,"Mayes",NA,NA,NA,NA,NA,NA,NA,NA,NA,NA,NA,NA,NA,NA,60,"Reported","Reported"
"259","Inceptisol","Dystrudepts",NA,"Riverview","C",2481,0.031,13.9,7.3,3.8,1872,33,"CSiTE","Macon, AL",32.4552765,-85.6611099,"Mayes",NA,NA,NA,NA,NA,NA,NA,NA,NA,NA,NA,NA,NA,NA,60,"Reported","Reported"
"260","Ultisol","Fragiudults",NA,"Rockaway","B2t",737,0.148,12.6,17.3,4.1,2100,9,"SERDP","Bergen, NJ",41.0513878,-74.1613922,"Mayes",NA,NA,NA,NA,NA,NA,NA,NA,NA,NA,NA,NA,NA,NA,60,"Reported","Reported"
"261","Alfisol","Palexeralfs",NA,"San Ysidro","B",1997,0.028,33.2,11.4,5.9,3857,69,"SERDP","Napa, CA",38.3,-122.3,"Mayes",NA,NA,NA,NA,NA,NA,NA,NA,NA,NA,NA,NA,NA,NA,60,"Reported","Reported"
"262","Alfisol","Palexeralfs",NA,"San Ysidro",NA,1997.29152717374,0.0278508661327206,33.21,11.4,5.85,NA,NA,NA,NA,38.3,-122.3,"Feng",NA,NA,NA,NA,NA,NA,NA,NA,NA,NA,NA,NA,NA,NA,400,"Reported","Reported"
"263","Mollisol","Argiudolls",NA,"Sibley","B1",1691,0.051,26.9,18.7,6.4,9724,31,"SERDP","Clay, MS",39.2333679,-94.3668976,"Mayes",NA,NA,NA,NA,NA,NA,NA,NA,NA,NA,NA,NA,NA,NA,60,"Reported","Reported"
"264","Alfisol","Paleudalfs",NA,"Susquehanna","B",1496,0.078,46.7,7.2,4,2081,34,"CSiTE","George, MS",30.9424992,-88.6844406,"Mayes",NA,NA,NA,NA,NA,NA,NA,NA,NA,NA,NA,NA,NA,NA,60,"Reported","Reported"
"265","Alfisol","Hapludalfs",NA,"Talbott","Bt11",986,0.246,24.9,20,4.5,4220,4,"CSiTE","Williamson, TN",35.9,-86.9,"Mayes",NA,NA,NA,NA,NA,NA,NA,NA,NA,NA,NA,NA,NA,NA,60,"Reported","Reported"
"266","Alfisol","Hapludalfs",NA,"Talbott","Bt12",1431,0.164,31.1,24,4,3109,4,"CSiTE","Williamson, TN",35.9,-86.9,"Mayes",NA,NA,NA,NA,NA,NA,NA,NA,NA,NA,NA,NA,NA,NA,60,"Reported","Reported"
"267","Alfisol","Hapludalfs",NA,"Talbott","Bt13",2312,0.158,49.5,37,3.9,2438,4,"CSiTE","Williamson, TN",35.9,-86.9,"Mayes",NA,NA,NA,NA,NA,NA,NA,NA,NA,NA,NA,NA,NA,NA,60,"Reported","Reported"
"268","Ultisol","Hapludults",NA,"Towaliga","Bt1",4443,0.041,33,22,4.6,2852,70,"SERDP","Butts, GA",33.3,-84,"Mayes",NA,NA,NA,NA,NA,NA,NA,NA,NA,NA,NA,NA,NA,NA,60,"Reported","Reported"
"269","Ultisol","Hapludults",NA,"Towaliga",NA,4442.7854269127,0.0411562513474827,32.96,21.97,4.61,NA,NA,NA,NA,33.3,-84,"Feng",NA,NA,NA,NA,NA,NA,NA,NA,NA,NA,NA,NA,NA,NA,400,"Reported","Reported"
"270","Inceptisol","Eutrochrept","Typic",NA,"Ah1",141.785721443008,0.210406925028986,55,14.18,7.2,82000,NA,NA,NA,49.889772,11.024385,"Kaiser",1.95,NA,NA,2.51,NA,NA,NA,NA,8,700,NA,NA,"0-10",1,5,"Fitted","Fitted"
"271","Inceptisol","Eutrochrept","Typic",NA,"IIIGoP",382.820270844458,NA,53,17.94,7.5,6000,NA,NA,NA,49.889772,11.024385,"Kaiser",0.46,NA,NA,0.75,NA,NA,NA,NA,8,700,NA,NA,"66-86",1.8,5,"Fitted","Fitted"
"272","Inceptisol","Eutrochrept","Typic",NA,"IIIGorP",346.175418109283,0.167782477704509,60,19.55,7.5,6000,NA,NA,NA,49.889772,11.024385,"Kaiser",0.5,NA,NA,0.54,NA,NA,NA,NA,8,700,NA,NA,"86-120+",1.7,5,"Fitted","Fitted"
"273","Ultisol","Kandiudults",NA,"Troup","Bt1",358,0.188,10.6,8.9,4.7,1604,19,NA,NA,31.9902782,-84.4069443,"Mayes",NA,NA,NA,NA,NA,NA,NA,NA,NA,NA,NA,NA,NA,NA,60,"Reported","Reported"
"274","Ultisol","Kandiudults",NA,"Troup","Bt3",744,0.124,15.5,5.9,4.8,1654,19,NA,NA,31.9902782,-84.4069443,"Mayes",NA,NA,NA,NA,NA,NA,NA,NA,NA,NA,NA,NA,NA,NA,60,"Reported","Reported"
"275","Ultisol","Kandiudults",NA,"Troup","Bw1",325,0.142,9.9,3.7,4.9,1856,19,NA,NA,31.9902782,-84.4069443,"Mayes",NA,NA,NA,NA,NA,NA,NA,NA,NA,NA,NA,NA,NA,NA,60,"Reported","Reported"
"276","Ultisol","Kandiudults",NA,"Troup","Bw2",357,0.206,10.8,3.9,4.5,1703,19,NA,NA,31.9902782,-84.4069443,"Mayes",NA,NA,NA,NA,NA,NA,NA,NA,NA,NA,NA,NA,NA,NA,60,"Reported","Reported"
"277","Alfisol","Eutroboralf","Typic",NA,"Al",475.447271308372,0.0567122273930149,21,11.57,3.9,8000,NA,NA,NA,49.887237,11.043918,"Kaiser",2.16,NA,NA,4.06,NA,NA,NA,NA,6,850,NA,NA,"8-26",1.1,5,"Fitted","Fitted"
"278","Alfisol","Eutroboralf","Typic",NA,"SwAl",649.181491357904,0.0413092085847232,22,11.39,4.3,6000,NA,NA,NA,49.887237,11.043918,"Kaiser",1.91,NA,NA,5.15,NA,NA,NA,NA,6,850,NA,NA,"26-56",1.4,5,"Fitted","Fitted"
"279","Alfisol","Eutroboralf","Typic",NA,"IISdBt",1603.23127666194,0.0180165734299617,32,14.26,4.7,2000,NA,NA,NA,49.887237,11.043918,"Kaiser",1.52,NA,NA,5.64,NA,NA,NA,NA,6,850,NA,NA,"56-96",1.6,5,"Fitted","Fitted"
"280","Alfisol","Hapludalfs","Typic",NA,"Ah",387.190558238092,0.00440813259287249,26,12.77,4.3,60000,NA,NA,NA,49.891761,11.047308,"Kaiser",2.39,NA,NA,2.49,NA,NA,NA,NA,6,850,NA,NA,"0-5",1,5,"Fitted","Fitted"
"281","Alfisol","Hapludalfs","Typic",NA,"Al",334.104753717825,0.0167157092361238,31,14.77,3.8,16000,NA,NA,NA,49.891761,11.047308,"Kaiser",2.73,NA,NA,2.8,NA,NA,NA,NA,6,850,NA,NA,"5-13",1.2,5,"Fitted","Fitted"
"282","Alfisol","Hapludalfs","Typic",NA,"IIBtT",685.178836757866,0.0267994426270706,48,21,5,10000,NA,NA,NA,49.891761,11.047308,"Kaiser",2.81,NA,NA,2.31,NA,NA,NA,NA,6,850,NA,NA,"13-36",1.3,5,"Fitted","Fitted"
"283","Alfisol","Hapludalfs","Typic",NA,"IVTCv",896.454731949327,0.0222863921254638,39,14.9,7.5,9000,NA,NA,NA,49.891761,11.047308,"Kaiser",1.8,NA,NA,1.39,NA,NA,NA,NA,6,850,NA,NA,"61-86",1.7,5,"Fitted","Fitted"
"284","Alfisol","Hapludalfs","Typic",NA,"IVCv",354.018255898399,0.0386727747645039,22,1.39,7.7,5000,NA,NA,NA,49.891761,11.047308,"Kaiser",0.32,NA,NA,0.21,NA,NA,NA,NA,6,850,NA,NA,"86-100+",1.7,5,"Fitted","Fitted"
"285","Entisol","Udorthent","Aquic",NA,"GoCv",455.669664316158,0.0306139112035469,18,26.6,6.6,18000,NA,NA,NA,47.616001,11.648079,"Kaiser",4.1,NA,NA,2.8,NA,NA,NA,NA,5,1900,NA,NA,"4-12",1.3,5,"Fitted","Fitted"
"286","Ultisol",NA,NA,"Unclassified","E",517,0.051,14.6,7.4,4.3,4264,71,NA,NA,NA,NA,"Mayes",NA,NA,NA,NA,NA,NA,NA,NA,NA,NA,NA,NA,NA,NA,60,"Reported","Reported"
"287","Ultisol",NA,NA,"Unclassified","B",1140,0.269,20.5,10.9,4.3,2499,71,NA,NA,NA,NA,"Mayes",NA,NA,NA,NA,NA,NA,NA,NA,NA,NA,NA,NA,NA,NA,60,"Reported","Reported"
"288","Ultisol",NA,NA,"Unclassified","2B",2835,0.134,37.6,22.2,4.5,2372,71,NA,NA,NA,NA,"Mayes",NA,NA,NA,NA,NA,NA,NA,NA,NA,NA,NA,NA,NA,NA,60,"Reported","Reported"
"289","Alfisol","Paleustalfs",NA,"Voca","Bt1",685,0.067,40.4,10.2,5.7,3822,28,"Lab","McCulloch, TX",30.9507618,-99.1915665,"Mayes",NA,NA,NA,NA,NA,NA,NA,NA,NA,NA,NA,NA,NA,NA,60,"Reported","Reported"
"290","Alfisol","Paleustalfs",NA,"Voca","Bt2",3476,0.022,62.1,17.6,5.7,3726,28,"Lab","McCulloch, TX",30.9507618,-99.1915665,"Mayes",NA,NA,NA,NA,NA,NA,NA,NA,NA,NA,NA,NA,NA,NA,60,"Reported","Reported"
"291","Alfisol","Paleustalfs",NA,"Voca","Bt3",3762,0.039,61.8,16,4.9,2890,28,"Lab","McCulloch, TX",30.9507618,-99.1915665,"Mayes",NA,NA,NA,NA,NA,NA,NA,NA,NA,NA,NA,NA,NA,NA,60,"Reported","Reported"
"292","Alfisol","Paleustalfs",NA,"Voca","Bt4",775,0.137,26.8,13.7,4.9,1810,28,"Lab","McCulloch, TX",30.9507618,-99.1915665,"Mayes",NA,NA,NA,NA,NA,NA,NA,NA,NA,NA,NA,NA,NA,NA,60,"Reported","Reported"
"293","Entisol","Fluvaquents",NA,"Wakeland","CG1",1702,0.039,21.1,9.2,5.8,5600,16,"SERDP","Jasper, IL",38.8791656,-88.3372192,"Mayes",NA,NA,NA,NA,NA,NA,NA,NA,NA,NA,NA,NA,NA,NA,60,"Reported","Reported"
"294","Inceptisol","Dystrudepts",NA,"Weikert","BE",3719,0.015,23.9,23.1,4.3,20100,38,"SERDP",NA,39.9225006,-77.7555542,"Mayes",NA,NA,NA,NA,NA,NA,NA,NA,NA,NA,NA,NA,NA,NA,60,"Reported","Reported"
"295","Ultisol","Hapludults",NA,"Westphalia","Bt1",2055,0.052,14.2,9.5,4.9,1780,72,"SERDP","Prince George's, MD",38.8,-76.8,"Mayes",NA,NA,NA,NA,NA,NA,NA,NA,NA,NA,NA,NA,NA,NA,60,"Reported","Reported"
"296","Ultisol","Hapludults",NA,"Westphalia","Bt2",1727,0.052,12.8,6,4.9,1802,72,"SERDP","Prince George's, MD",38.8,-76.8,"Mayes",NA,NA,NA,NA,NA,NA,NA,NA,NA,NA,NA,NA,NA,NA,60,"Reported","Reported"
"297","Alfisol","Hapludalfs",NA,"Winfield","Bt1",1680,0.076,29.5,21.5,4.4,2182,5,"CSiTE","Lincoln, MO",39.1566667,-90.7827778,"Mayes",NA,NA,NA,NA,NA,NA,NA,NA,NA,NA,NA,NA,NA,NA,60,"Reported","Reported"
"298","Alfisol","Hapludalfs",NA,"Winfield","Bt2",1604,0.063,29.5,20.8,4.4,2003,5,"CSiTE","Lincoln, MO",39.1566667,-90.7827778,"Mayes",NA,NA,NA,NA,NA,NA,NA,NA,NA,NA,NA,NA,NA,NA,60,"Reported","Reported"
"299","Alfisol","Hapludalfs",NA,"Winfield","Bt3",1183,0.071,42.3,26.7,4.8,1939,5,"CSiTE","Lincoln, MO",39.1566667,-90.7827778,"Mayes",NA,NA,NA,NA,NA,NA,NA,NA,NA,NA,NA,NA,NA,NA,60,"Reported","Reported"
"300","Alfisol","Hapludalfs",NA,"Winfield","bt1",1556.49252515114,0.139852926736608,NA,NA,NA,NA,NA,NA,NA,NA,NA,"Mayes",NA,NA,NA,NA,NA,NA,NA,NA,NA,NA,NA,NA,NA,NA,60,"Fitted","Fitted"
"301","Ultisol","Hapludults",NA,"Wolftever","Bt1",1860,0.035,32.9,14.9,4.3,2835,73,"Ridge","Anderson, TN",36.1,-84.2,"Mayes",NA,NA,NA,NA,NA,NA,NA,NA,NA,NA,NA,NA,NA,NA,60,"Reported","Reported"
"302","Ultisol","Hapludults",NA,"Wolftever","Bt2",1672,0.113,32.2,15.5,4.3,2075,73,"Ridge","Anderson, TN",36.1,-84.2,"Mayes",NA,NA,NA,NA,NA,NA,NA,NA,NA,NA,NA,NA,NA,NA,60,"Reported","Reported"
"303","Ultisol","Hapludults",NA,"Wolftever","Bt3",1447,0.059,30.9,14.6,4.6,2495,73,"Ridge","Anderson, TN",36.1,-84.2,"Mayes",NA,NA,NA,NA,NA,NA,NA,NA,NA,NA,NA,NA,NA,NA,60,"Reported","Reported"
"304","Ultisol","Hapludults",NA,"Wolftever","Bt4",1666,0.071,30.2,15,4.4,2309,73,"Ridge","Anderson, TN",36.1,-84.2,"Mayes",NA,NA,NA,NA,NA,NA,NA,NA,NA,NA,NA,NA,NA,NA,60,"Reported","Reported"
"305","Ultisol","Hapludults",NA,"Wolftever",NA,289.599527213522,NA,30,15,4.4,NA,73,"Ridge","Anderson, TN",36.1,-84.2,"Jagadamma",NA,NA,NA,NA,NA,NA,NA,NA,NA,NA,NA,NA,NA,NA,60,"Fitted","Fitted"
"306","Alfisol","Fragiudalfs",NA,"Zanesville","BE",1802,0.04,22.5,14,4,3191,26,"NRCS","Spencer, IN",38.0115318,-86.8652496,"Mayes",NA,NA,NA,NA,NA,NA,NA,NA,NA,NA,NA,NA,NA,NA,60,"Reported","Reported"
"307","Alfisol","Fragiudalfs",NA,"Zanesville","Bt",2652,0.079,23,23,4,2314,26,"NRCS","Spencer, IN",38.0115318,-86.8652496,"Mayes",NA,NA,NA,NA,NA,NA,NA,NA,NA,NA,NA,NA,NA,NA,60,"Reported","Reported"
"308","Alfisol","Fragiudalfs",NA,"Zanesville","Btx",1542,0.055,19.4,18,4,1827,26,"NRCS","Spencer, IN",38.0115318,-86.8652496,"Mayes",NA,NA,NA,NA,NA,NA,NA,NA,NA,NA,NA,NA,NA,NA,60,"Reported","Reported"
"309","Alfisol","Fragiudalfs",NA,"Zanesville","2BC1",1404,0.017,15.4,10,4.4,1819,26,"NRCS","Spencer, IN",38.0115318,-86.8652496,"Mayes",NA,NA,NA,NA,NA,NA,NA,NA,NA,NA,NA,NA,NA,NA,60,"Reported","Reported"
"310","Alfisol","Fragiudalfs",NA,"Zanesville","2BC2",1073,0.042,17.8,37,4.6,2051,26,"NRCS","Spencer, IN",38.0115318,-86.8652496,"Mayes",NA,NA,NA,NA,NA,NA,NA,NA,NA,NA,NA,NA,NA,NA,60,"Reported","Reported"
"311","Alfisol","Fragiudalfs",NA,"Zanesville","2BC3",1700,0.043,40,26,5.5,1856,26,"NRCS","Spencer, IN",38.0115318,-86.8652496,"Mayes",NA,NA,NA,NA,NA,NA,NA,NA,NA,NA,NA,NA,NA,NA,60,"Reported","Reported"
"312","Alfisol","Fragiudalfs",NA,"Zanesville",NA,498.085347233191,0.0656279219585467,40,26,5.5,NA,26,"NRCS","Spencer, IN",38.0115318,-86.8652496,"Jagadamma",NA,NA,NA,NA,NA,NA,NA,NA,NA,NA,NA,NA,NA,NA,60,"Fitted","Fitted"
"313","Entisol","Psammaquent","Typic",NA,"Go",3261.61404826869,0.00148381363555296,6,4.78,5.2,37000,NA,NA,NA,47.728062,11.676652,"Kaiser",2.42,NA,NA,3.05,NA,NA,NA,NA,6,1700,NA,NA,"11-27",1.1,5,"Fitted","Fitted"
"314","Entisol","Psammaquent","Typic",NA,"Gro",2505.04968853402,0.00183940087918204,10,4.07,5.7,6000,NA,NA,NA,47.728062,11.676652,"Kaiser",1.67,NA,NA,1.51,NA,NA,NA,NA,6,1700,NA,NA,"27-48",1.1,5,"Fitted","Fitted"
"315","Entisol","Udorthent","Typic",NA,"Aeh",113.378046663067,0.107178924428651,8,2.1,3.2,20000,NA,NA,NA,49.902681,10.958003,"Kaiser",0.2,NA,NA,0.4,NA,NA,NA,NA,8.5,650,NA,NA,"0-4",0.9,5,"Fitted","Fitted"
"316","Entisol","Udorthent","Typic",NA,"Bhsv",165.503214157213,0.0747848128579121,7,3,3.6,9000,NA,NA,NA,49.902681,10.958003,"Kaiser",0.4,NA,NA,1.1,NA,NA,NA,NA,8.5,650,NA,NA,"4-15",1.6,5,"Fitted","Fitted"
"317","Entisol","Udorthent","Typic",NA,"B(s)v",346.736697792884,0.0296130663718554,6,2.6,4.3,3000,NA,NA,NA,49.902681,10.958003,"Kaiser",0.7,NA,NA,0.7,NA,NA,NA,NA,8.5,650,NA,NA,"15-35",1.5,5,"Fitted","Fitted"
"318","Entisol","Udorthent","Typic",NA,"(Sw)Bv",319.990416165887,0.0208960601397352,3,2.21,4.3,1000,NA,NA,NA,49.902681,10.958003,"Kaiser",0.2,NA,NA,0.3,NA,NA,NA,NA,8.5,650,NA,NA,"35-55",1.6,5,"Fitted","Fitted"
"319","Entisol","Udorthent","Typic",NA,"IISwBv",364.830091705034,0.0316091569488434,4,4.8,4.1,1000,NA,NA,NA,49.902681,10.958003,"Kaiser",0.3,NA,NA,0.6,NA,NA,NA,NA,8.5,650,NA,NA,"55-75",1.7,5,"Fitted","Fitted"
"320","Entisol","Udorthent","Typic",NA,"IIISdCv",341.943158009929,NA,21,60.1,4.5,3000,NA,NA,NA,49.902681,10.958003,"Kaiser",1.4,NA,NA,5.6,NA,NA,NA,NA,8.5,650,NA,NA,"75-100+",1.6,5,"Fitted","Fitted"
"321","Inceptisol","Haplaquept","Aeric",NA,"Aeh",538.483582598102,0.0294392654289148,16,0.5,3,70000,NA,NA,NA,50.154851,12.186027,"Kaiser",3.95,NA,NA,0.43,NA,NA,NA,NA,6,700,NA,NA,"0-5",1.4,5,"Fitted","Fitted"
"322","Inceptisol","Haplaquept","Aeric",NA,"Sew",925.558335223783,0.0112642247256789,15,1.48,3.5,6000,NA,NA,NA,50.154851,12.186027,"Kaiser",1.05,NA,NA,1.2,NA,NA,NA,NA,6,700,NA,NA,"5-10",1.5,5,"Fitted","Fitted"
"323","Inceptisol","Haplaquept","Aeric",NA,"GoSd",1216.0530617043,NA,16,8.05,3.6,5000,NA,NA,NA,50.154851,12.186027,"Kaiser",1.78,NA,NA,4.38,NA,NA,NA,NA,6,700,NA,NA,"10-25",1.5,5,"Fitted","Fitted"
"324","Inceptisol","Haplaquept","Aeric",NA,"IIGor",884.030200677445,0.00981957169186393,4,2.05,3.7,2000,NA,NA,NA,50.154851,12.186027,"Kaiser",0.5,NA,NA,0.79,NA,NA,NA,NA,6,700,NA,NA,"50-75",1.6,5,"Fitted","Fitted"
"325","Inceptisol","Haplaquept","Aeric",NA,"IIGr",799.974017767319,0.012172149112009,3,0.45,3.9,1000,NA,NA,NA,50.154851,12.186027,"Kaiser",0.53,NA,NA,0.26,NA,NA,NA,NA,6,700,NA,NA,"75+",1.7,5,"Fitted","Fitted"
"326","Inceptisol","Dystrochrept","Oxyaquic",NA,"Aeh",74.9981648103081,0.256218549762876,4,1.38,3,13000,NA,NA,NA,49.888816,10.965956,"Kaiser",0.1,NA,NA,0.03,NA,NA,NA,NA,8,650,NA,NA,"0-5",1.2,5,"Fitted","Fitted"
"327","Inceptisol","Dystrochrept","Oxyaquic",NA,"Bsh",100.17559008313,0.258993607176199,5,2.19,3.4,7000,NA,NA,NA,49.888816,10.965956,"Kaiser",0.33,NA,NA,0.66,NA,NA,NA,NA,8,650,NA,NA,"5-15",1.4,5,"Fitted","Fitted"
"328","Inceptisol","Dystrochrept","Oxyaquic",NA,"Sw",944.009138299285,0.0138515998493938,3,1.82,4.3,1000,NA,NA,NA,49.888816,10.965956,"Kaiser",0.29,NA,NA,0.07,NA,NA,NA,NA,8,650,NA,NA,"45-75",1.5,5,"Fitted","Fitted"
"329","Inceptisol","Eutrochrept","Oxyaquic",NA,"Ah",151.719768706178,0.0841575500655804,28,24,4.2,52000,NA,NA,NA,49.889695,11.01534,"Kaiser",1.57,NA,NA,9.71,NA,NA,NA,NA,8,720,NA,NA,"0-6",1.1,5,"Fitted","Fitted"
"330","Inceptisol","Eutrochrept","Oxyaquic",NA,"SBv",243.210483571299,NA,32,25.76,3.5,15000,NA,NA,NA,49.889695,11.01534,"Kaiser",1.71,NA,NA,11.51,NA,NA,NA,NA,8,720,NA,NA,"6-24",1.2,5,"Fitted","Fitted"
"331","Inceptisol","Eutrochrept","Oxyaquic",NA,"IISd1",573.071944128605,0.0750689763215879,42,29.19,4.6,7000,NA,NA,NA,49.889695,11.01534,"Kaiser",1.2,NA,NA,12.86,NA,NA,NA,NA,8,720,NA,NA,"24-94",1.7,5,"Fitted","Fitted"
"332","Inceptisol","Eutrochrept","Oxyaquic",NA,"IIISd2",1626.99221301077,0.0160172209150775,36,27.53,5,5000,NA,NA,NA,49.889695,11.01534,"Kaiser",1.09,NA,NA,7.04,NA,NA,NA,NA,8,720,NA,NA,"94-124+",1.7,5,"Fitted","Fitted"
"333","Inceptisol","Eutrochrept","Oxyaquic",NA,"TSw",1001.93364610137,0.124574293109532,67,33.8,5,28000,NA,NA,NA,47.617802,11.648732,"Kaiser",9.8,NA,NA,3.4,NA,NA,NA,NA,5,1900,NA,NA,"16-29",1.3,5,"Fitted","Fitted"
"334","Inceptisol","Eutrochrept","Oxyaquic",NA,"TCv",10273.8061418576,0.00115383949905584,51,9.9,6.1,10000,NA,NA,NA,47.617802,11.648732,"Kaiser",2.1,NA,NA,1.6,NA,NA,NA,NA,5,1900,NA,NA,"44-58",1.6,5,"Fitted","Fitted"
"335","Inceptisol","Haplumbrept","Oxyaquic",NA,"OhAh",30.3635600827675,NA,8,1.27,2.9,77000,NA,NA,NA,49.888348,10.963878,"Kaiser",1.21,NA,NA,1.1,NA,NA,NA,NA,8,650,NA,NA,"0-28",0.7,5,"Fitted","Fitted"
"336","Inceptisol","Haplumbrept","Oxyaquic",NA,"SwAh",118.898155516414,0.0891653764986071,5,0.11,3.4,5000,NA,NA,NA,49.888348,10.963878,"Kaiser",0.39,NA,NA,0.02,NA,NA,NA,NA,8,650,NA,NA,"28-45",1.1,5,"Fitted","Fitted"
"337","Inceptisol","Haplumbrept","Oxyaquic",NA,"Sw",338.128295313889,0.0190912985413682,6,0.21,3.9,1000,NA,NA,NA,49.888348,10.963878,"Kaiser",0.28,NA,NA,0.2,NA,NA,NA,NA,8,650,NA,NA,"45-60",1.4,5,"Fitted","Fitted"
"338","Inceptisol","Haplumbrept","Oxyaquic",NA,"IISd",361.617360707688,0.0371434755156425,12,0.42,4,1000,NA,NA,NA,49.888348,10.963878,"Kaiser",0.46,NA,NA,0.35,NA,NA,NA,NA,8,650,NA,NA,"60-80+",1.5,5,"Fitted","Fitted"
"339","Inceptisol","Haplumbrept","Oxyaquic",NA,"Sew",538.872144470603,0.0289897529420163,18,7.88,3.8,7000,NA,NA,NA,49.875061,10.986422,"Kaiser",1.15,NA,NA,4.85,NA,NA,NA,NA,8,650,NA,NA,"5-21",1.3,5,"Fitted","Fitted"
"340","Inceptisol","Haplumbrept","Oxyaquic",NA,"IISd",322.565702963445,0.603278672614913,35,12.67,3.9,3000,NA,NA,NA,49.875061,10.986422,"Kaiser",1.26,NA,NA,2.74,NA,NA,NA,NA,8,650,NA,NA,"21-50",1.7,5,"Fitted","Fitted"
"341","Inceptisol","Haplumbrept","Oxyaquic",NA,"IIISd",387.943354990035,0.312994161216355,59,20.44,4.2,3000,NA,NA,NA,49.875061,10.986422,"Kaiser",1.68,NA,NA,4.87,NA,NA,NA,NA,8,650,NA,NA,"50-100+",1.9,5,"Fitted","Fitted"
"342","Inceptisol","Haplumbrept","Psammentic",NA,"A(e)h",125.884813764834,NA,3,16.79,3.3,23000,NA,NA,NA,49.89119,11.032706,"Kaiser",0.25,NA,NA,0.62,NA,NA,NA,NA,7,750,NA,NA,"0-12",0.9,5,"Fitted","Fitted"
"343","Inceptisol","Haplumbrept","Psammentic",NA,"Bv",338.66819583146,0.0435205798788099,7,17.72,3.7,5000,NA,NA,NA,49.89119,11.032706,"Kaiser",0.62,NA,NA,0.92,NA,NA,NA,NA,7,750,NA,NA,"12-50",1.2,5,"Fitted","Fitted"
"344","Inceptisol","Eutrochrept","Rendollic",NA,"Ah",191.748922931588,0.00282351068109291,52,23,6.8,112000,NA,NA,NA,47.611144,11.678703,"Kaiser",2.71,NA,NA,3.84,NA,NA,NA,NA,5,1900,NA,NA,"0-13",0.9,5,"Fitted","Fitted"
"345","Inceptisol","Eutrochrept","Rendollic",NA,"Bv",2526.65837519694,0.00494035668539182,68,27.36,6.4,25000,NA,NA,NA,47.611144,11.678703,"Kaiser",2.91,NA,NA,5.23,NA,NA,NA,NA,5,1900,NA,NA,"13-24",1.1,5,"Fitted","Fitted"
"346","Inceptisol","Eutrochrept","Rendollic",NA,"Ah",1470.73425243656,0.00153220680398256,54,13,6.8,76000,NA,NA,NA,49.966607,11.645182,"Kaiser",2.7,NA,NA,2.3,NA,NA,NA,NA,8.5,950,NA,NA,"0-10",1,5,"Fitted","Fitted"
"347","Inceptisol","Eutrochrept","Rendollic",NA,"BvT",344.685368287014,0.0760641040515291,58,15.5,7,23000,NA,NA,NA,49.966607,11.645182,"Kaiser",3.1,NA,NA,2.7,NA,NA,NA,NA,8.5,950,NA,NA,"10-22",1.2,5,"Fitted","Fitted"
"348","Inceptisol","Eutrochrept","Rendollic",NA,"Cv",535.658458785725,0.0546070856134021,56,10.9,7,11000,NA,NA,NA,49.966607,11.645182,"Kaiser",1.5,NA,NA,1.6,NA,NA,NA,NA,8.5,950,NA,NA,"22-44",1.3,5,"Fitted","Fitted"
"349","Inceptisol","Eutrochrept","Rendollic",NA,"TCv",297.902965286009,0.103309730538653,60,17.3,6.6,12000,NA,NA,NA,49.909,11.624027,"Kaiser",1.9,NA,NA,1.2,NA,NA,NA,NA,8.5,950,NA,NA,"8-27",1.3,5,"Fitted","Fitted"
"350","Inceptisol","Dystrochrept","Typic",NA,"Ae",187.285724188054,0.018513405380499,4,1.16,3.1,7000,NA,NA,NA,49.855525,10.96319,"Kaiser",0.12,NA,NA,0.24,NA,NA,NA,NA,8,650,NA,NA,"0-2",1.2,5,"Fitted","Fitted"
"351","Inceptisol","Dystrochrept","Typic",NA,"Bsh",234.022331996574,0.0246689100041711,6,3,3.4,8000,NA,NA,NA,49.855525,10.96319,"Kaiser",0.7,NA,NA,1.45,NA,NA,NA,NA,8,650,NA,NA,"2-7",1.3,5,"Fitted","Fitted"
"352","Inceptisol","Dystrochrept","Typic",NA,"Bv",315.979500633991,0.106765016930735,3,2.41,4.5,2000,NA,NA,NA,49.855525,10.96319,"Kaiser",1.08,NA,NA,0.42,NA,NA,NA,NA,8,650,NA,NA,"7-42",1.2,5,"Fitted","Fitted"
"353","Inceptisol","Dystrochrept","Typic",NA,"Aeh",212.825051564896,0.00799413698057773,6,1.8,2.8,56000,NA,NA,NA,50.061236,11.772271,"Kaiser",1.31,NA,NA,1.35,NA,NA,NA,NA,4.5,1200,NA,NA,"0-11",0.7,5,"Fitted","Fitted"
"354","Inceptisol","Dystrochrept","Typic",NA,"Ae",210.941583288376,0.0490016979768956,9,1.85,3.1,6000,NA,NA,NA,50.061236,11.772271,"Kaiser",0.74,NA,NA,0.2,NA,NA,NA,NA,4.5,1200,NA,NA,"11-24",1.2,5,"Fitted","Fitted"
"355","Inceptisol","Dystrochrept","Typic",NA,"Ah",372.653647149554,0.012901060114528,15,6.45,3.5,30000,NA,NA,NA,50.129739,12.178227,"Kaiser",2.41,NA,NA,5.1,NA,NA,NA,NA,5.5,600,NA,NA,"0-4",0.9,5,"Fitted","Fitted"
"356","Inceptisol","Dystrochrept","Typic",NA,"Bv1",638.315074335274,0.0318427695872515,13,6.2,3.9,8000,NA,NA,NA,50.129739,12.178227,"Kaiser",2.53,NA,NA,4.49,NA,NA,NA,NA,5.5,600,NA,NA,"4-18",1.1,5,"Fitted","Fitted"
"357","Inceptisol","Dystrochrept","Typic",NA,"Bv2",520.609801597997,0.0542192350572823,9,5.68,3.9,4000,NA,NA,NA,50.129739,12.178227,"Kaiser",1.9,NA,NA,2.61,NA,NA,NA,NA,5.5,600,NA,NA,"18-40",1.2,5,"Fitted","Fitted"
"358","Inceptisol","Dystrochrept","Typic",NA,"IIBvCv",464.599181248212,0.0352957445272876,2,4.7,3.9,1000,NA,NA,NA,50.129739,12.178227,"Kaiser",0.93,NA,NA,0.78,NA,NA,NA,NA,5.5,600,NA,NA,"40-70",1.3,5,"Fitted","Fitted"
"359","Inceptisol","Dystrochrept","Typic",NA,"IICv",454.32369803914,0.0522131909591698,3,4.03,4,1000,NA,NA,NA,50.129739,12.178227,"Kaiser",0.73,NA,NA,0.53,NA,NA,NA,NA,5.5,600,NA,NA,"70-100+",1.3,5,"Fitted","Fitted"
"360","Inceptisol","Dystrochrept","Typic",NA,"Ah",98.4116469083003,0.0558804365969869,16,14,3.2,49000,NA,NA,NA,47.72896,11.67598,"Kaiser",5.35,NA,NA,10.18,NA,NA,NA,NA,6,1700,NA,NA,"0-6",0.7,5,"Fitted","Fitted"
"361","Inceptisol","Dystrochrept","Typic",NA,"Bv",1392.2968361342,0.00565609326380357,14,14.98,3.7,21000,NA,NA,NA,47.72896,11.67598,"Kaiser",6.73,NA,NA,13.18,NA,NA,NA,NA,6,1700,NA,NA,"6-21",0.8,5,"Fitted","Fitted"
"362","Inceptisol","Dystrochrept","Typic",NA,"CvBv",1404.56769216134,0.00914534204831617,14,11.2,4.2,11000,NA,NA,NA,47.72896,11.67598,"Kaiser",7.56,NA,NA,9.27,NA,NA,NA,NA,6,1700,NA,NA,"21-42",1.1,5,"Fitted","Fitted"
"363","Inceptisol","Dystrochrept","Typic",NA,"Cv",3305.50484388709,0.00314163991164959,4,5.73,4.1,4000,NA,NA,NA,47.72896,11.67598,"Kaiser",4.18,NA,NA,3.25,NA,NA,NA,NA,6,1700,NA,NA,"42-65",1.2,5,"Fitted","Fitted"
"364","Inceptisol","Dystrochrept","Typic",NA,"Aeh",730.082018042143,0.00469163912850876,16,21.9,3.2,56000,NA,NA,NA,50.062658,11.763884,"Kaiser",2.17,NA,NA,10.53,NA,NA,NA,NA,5,1100,NA,NA,"0-7",1.1,5,"Fitted","Fitted"
"365","Inceptisol","Dystrochrept","Typic",NA,"Bhsv",15363.8052739436,0.000604883712136276,20,35.1,3.6,22000,NA,NA,NA,50.062658,11.763884,"Kaiser",3.93,NA,NA,16.83,NA,NA,NA,NA,5,1100,NA,NA,"7-22",1.3,5,"Fitted","Fitted"
"366","Inceptisol","Dystrochrept","Typic",NA,"Bhsv",1256.01014085222,0.004198744104335,3,3.2,3.9,12000,NA,NA,NA,49.75758,11.076308,"Kaiser",0.9,NA,NA,0.8,NA,NA,NA,NA,8.5,630,NA,NA,"5-20",1.5,5,"Fitted","Fitted"
"367","Inceptisol","Dystrochrept","Typic",NA,"Bsv",1015.4049451362,0.0119886487819811,3,3,4.4,3000,NA,NA,NA,49.75758,11.076308,"Kaiser",0.9,NA,NA,1.3,NA,NA,NA,NA,8.5,630,NA,NA,"20-45",1.5,5,"Fitted","Fitted"
"368","Inceptisol","Dystrochrept","Typic",NA,"BvCv",1612.41036404256,0.00629667296724656,2,0.7,4.5,1000,NA,NA,NA,49.75758,11.076308,"Kaiser",0.6,NA,NA,1.1,NA,NA,NA,NA,8.5,630,NA,NA,"45-65",1.4,5,"Fitted","Fitted"
"369","Inceptisol","Dystrochrept","Typic",NA,"Cv",2745.88362896637,0.00253583778338697,1,0.2,4.5,200,NA,NA,NA,49.75758,11.076308,"Kaiser",0.1,NA,NA,0.7,NA,NA,NA,NA,8.5,630,NA,NA,"65+",1.4,5,"Fitted","Fitted"
"370","Inceptisol","Humaquept","Typic",NA,"Aa",182.974531109817,0.0590891800467681,32,11.33,5.4,85000,NA,NA,NA,47.728486,11.667585,"Kaiser",3.01,NA,NA,11.09,NA,NA,NA,NA,6,1700,NA,NA,"0-15",0.4,5,"Fitted","Fitted"
"371","Inceptisol","Humaquept","Typic",NA,"AhGro",1348.14508894299,0.00336554883405338,34,7.81,5.4,1e+05,NA,NA,NA,47.728486,11.667585,"Kaiser",3.84,NA,NA,7.6,NA,NA,NA,NA,6,1700,NA,NA,"15-65",0.8,5,"Fitted","Fitted"
"372","Inceptisol","Humaquept","Typic",NA,"Gr",1110.72073251186,0.0124376034083113,50,13.5,5.2,11000,NA,NA,NA,47.728486,11.667585,"Kaiser",3.24,NA,NA,11.98,NA,NA,NA,NA,6,1700,NA,NA,"65+",1.2,5,"Fitted","Fitted"
"373","Mollisol","Rendoll","Eutrochreptic",NA,"(Ah)Bv",5416.52616411142,0.000575791580787679,36,13.52,6.8,41000,NA,NA,NA,47.615104,11.64875,"Kaiser",2.63,NA,NA,2.23,NA,NA,NA,NA,4.5,2000,NA,NA,"15-20",1,5,"Fitted","Fitted"
"374","Mollisol","Rendoll","Eutrochreptic",NA,"BvCv",1395.52327915134,0.00230250142024652,32,3.59,7,5000,NA,NA,NA,47.615104,11.64875,"Kaiser",0.87,NA,NA,0.26,NA,NA,NA,NA,4.5,2000,NA,NA,"22-29",1.3,5,"Fitted","Fitted"
"375","Mollisol","Rendoll","Lithic",NA,"Ah2",147.520359178557,0.0169180094279326,47,15.51,7.4,45000,NA,NA,NA,49.892204,11.046603,"Kaiser",2.96,NA,NA,2.26,NA,NA,NA,NA,6,850,NA,NA,"8-21",1,5,"Fitted","Fitted"
"376","Mollisol","Rendoll","Lithic",NA,"Bv",626.979353066408,0.0433103695044142,41,13.1,7.5,20000,NA,NA,NA,49.892204,11.046603,"Kaiser",2.64,NA,NA,1.92,NA,NA,NA,NA,6,850,NA,NA,"21-31",1.2,5,"Fitted","Fitted"
"377","Mollisol","Rendoll","Lithic",NA,"Cv",252.31393373281,0.0354230508452532,23,0.57,7.5,2000,NA,NA,NA,49.892204,11.046603,"Kaiser",0.15,NA,NA,0.11,NA,NA,NA,NA,6,850,NA,NA,"31-61+",1.3,5,"Fitted","Fitted"
"378","Mollisol","Rendoll","Lithic",NA,"Ah",1121.25693495344,0.0014782963342924,40,15.51,6.9,114000,NA,NA,NA,47.611596,11.679366,"Kaiser",4.3,NA,NA,2.6,NA,NA,NA,NA,4.5,2000,NA,NA,"0-11",0.8,5,"Fitted","Fitted"
"379","Mollisol","Rendoll","Lithic",NA,"Ah",1334.03388465736,0.00137790351462606,38,8.3,6.8,92000,NA,NA,NA,49.967037,11.638907,"Kaiser",1.5,NA,NA,1.5,NA,NA,NA,NA,8.5,950,NA,NA,"0-12",1,5,"Fitted","Fitted"
"380","Mollisol","Rendoll","Lithic",NA,"Cv",1422.03385920502,NA,35,8.7,7.1,20000,NA,NA,NA,49.967037,11.638907,"Kaiser",0.7,NA,NA,1.3,NA,NA,NA,NA,8.5,950,NA,NA,"12-23",1.4,5,"Fitted","Fitted"
"381","Spodosol","Haplorthod","Oxyaquic",NA,"Aeh",89.4488847260076,0.0274431686373247,4,0.42,3,14000,NA,NA,NA,49.879727,10.955019,"Kaiser",0.04,NA,NA,0.12,NA,NA,NA,NA,8,650,NA,NA,"0-4",1.3,5,"Fitted","Fitted"
"382","Spodosol","Haplorthod","Oxyaquic",NA,"Ae",58.1405592249628,0.0437693783997638,4,0.43,3.6,3000,NA,NA,NA,49.879727,10.955019,"Kaiser",0.03,NA,NA,0.1,NA,NA,NA,NA,8,650,NA,NA,"4-24",1.5,5,"Fitted","Fitted"
"383","Spodosol","Haplorthod","Oxyaquic",NA,"II(S)Bh",158.942796516318,NA,7,2.13,3.9,8000,NA,NA,NA,49.879727,10.955019,"Kaiser",1.42,NA,NA,1.05,NA,NA,NA,NA,8,650,NA,NA,"24-28",1.3,5,"Fitted","Fitted"
"384","Spodosol","Haplorthod","Oxyaquic",NA,"IISBvs1",406.260159592824,0.145975524409647,9,2.21,4.2,4000,NA,NA,NA,49.879727,10.955019,"Kaiser",2.21,NA,NA,1.16,NA,NA,NA,NA,8,650,NA,NA,"28-43",1.4,5,"Fitted","Fitted"
"385","Spodosol","Haplorthod","Oxyaquic",NA,"IISBvs2",494.671145116171,0.057964798255046,8,2.1,4.2,3000,NA,NA,NA,49.879727,10.955019,"Kaiser",2.58,NA,NA,1,NA,NA,NA,NA,8,650,NA,NA,"43-53",1.4,5,"Fitted","Fitted"
"386","Spodosol","Haplorthod","Oxyaquic",NA,"IVSw(Go)",3264.36780338316,0.00444122062945875,34,31.23,4,3000,NA,NA,NA,49.879727,10.955019,"Kaiser",1.1,NA,NA,6.4,NA,NA,NA,NA,8,650,NA,NA,"96-99",1.6,5,"Fitted","Fitted"
"387","Spodosol","Haplorthod","Oxyaquic",NA,"VSd",576.627409360892,0.0677967337167771,60,13.33,5.1,3000,NA,NA,NA,49.879727,10.955019,"Kaiser",1.15,NA,NA,2.96,NA,NA,NA,NA,8,650,NA,NA,"99-120+",1.3,5,"Fitted","Fitted"
"388","Spodosol","Haplohumods","Typic",NA,"E1",100.185383814858,0.0349356977346451,1,0.11,3.7,6000,NA,NA,NA,56.293109,13.52962,"Kaiser",0.1,NA,NA,0.1,NA,NA,NA,NA,7.5,690,NA,NA,"0-15",NA,5,"Fitted","Fitted"
"389","Spodosol","Haplohumods","Typic",NA,"E2",178.219385845139,0.0240701045970237,1,2.3,3.9,8000,NA,NA,NA,56.293109,13.52962,"Kaiser",0.5,NA,NA,2,NA,NA,NA,NA,7.5,690,NA,NA,"15-20",NA,5,"Fitted","Fitted"
"390","Spodosol","Haplohumods","Typic",NA,"Bh1",258.42538080714,0.143342043206041,0.1,17.95,4.4,70000,NA,NA,NA,56.293109,13.52962,"Kaiser",13.4,NA,NA,17.6,NA,NA,NA,NA,7.5,690,NA,NA,"20-35",NA,5,"Fitted","Fitted"
"391","Spodosol","Haplohumods","Typic",NA,"Bg",693.786748448322,0.0166106175097839,2,3.8,4.6,9000,NA,NA,NA,56.293109,13.52962,"Kaiser",5.4,NA,NA,3.1,NA,NA,NA,NA,7.5,690,NA,NA,"50-65",NA,5,"Fitted","Fitted"
"392","Spodosol","Haplorthod","Typic",NA,"Ahe",3387.57495878391,0.000755713951189252,14,5.26,2.9,23000,NA,NA,NA,49.992608,11.80467,"Kaiser",0.55,NA,NA,1.71,NA,NA,NA,NA,5.5,1100,NA,NA,"0-10",1.2,5,"Fitted","Fitted"
"393","Spodosol","Haplorthod","Typic",NA,"Aeh",837.928781225636,0.00229395476827455,2,0.84,2.9,21000,NA,NA,NA,49.998594,11.928081,"Kaiser",0.45,NA,NA,0.14,NA,NA,NA,NA,5,850,NA,NA,"0-10",1,5,"Fitted","Fitted"
"394","Spodosol","Haplorthod","Typic",NA,"Ahe",2442.17019013029,0.00142804017229242,3,1.63,3.1,15000,NA,NA,NA,49.998594,11.928081,"Kaiser",0.64,NA,NA,0.32,NA,NA,NA,NA,5,850,NA,NA,"10-20",1,5,"Fitted","Fitted"
"395","Spodosol","Haplorthod","Typic",NA,"Bhs",2125.79948254903,0.00215481762252458,4,7.63,3.7,30000,NA,NA,NA,49.998594,11.928081,"Kaiser",2.78,NA,NA,4.8,NA,NA,NA,NA,5,850,NA,NA,"20-26",1,5,"Fitted","Fitted"
"396","Spodosol","Haplorthod","Typic",NA,"Bv",1741.57686211782,0.00867271252665543,5,10.45,4.3,21000,NA,NA,NA,49.998594,11.928081,"Kaiser",15.34,NA,NA,5.99,NA,NA,NA,NA,5,850,NA,NA,"36-68",1.1,5,"Fitted","Fitted"
"397","Spodosol","Haplorthod","Typic",NA,"BvCv",819.048900943116,0.019205401486974,4,4.73,4.1,3000,NA,NA,NA,49.998594,11.928081,"Kaiser",1.49,NA,NA,0.68,NA,NA,NA,NA,5,850,NA,NA,"86-90",1.4,5,"Fitted","Fitted"
"398",NA,NA,NA,NA,NA,728.849679398131,NA,NA,NA,NA,NA,NA,NA,NA,NA,NA,"Kothawala",NA,NA,NA,NA,NA,NA,NA,NA,NA,NA,NA,"1",NA,NA,10,"Fitted","Fitted"
"399",NA,NA,NA,NA,NA,286.761170545159,0.174714834450533,NA,NA,NA,NA,NA,NA,NA,NA,NA,"Kothawala",NA,NA,NA,NA,NA,NA,NA,NA,NA,NA,NA,"1",NA,NA,10,"Fitted","Fitted"
"400",NA,NA,NA,NA,NA,184.780461580791,NA,NA,NA,NA,NA,NA,NA,NA,NA,NA,"Kothawala",NA,NA,NA,NA,NA,NA,NA,NA,NA,NA,NA,"1",NA,NA,10,"Fitted","Fitted"
